{
  "type": "FeatureCollection",
  "generator": "overpass-turbo",
  "copyright": "The data included in this document is from www.openstreetmap.org. The data is made available under ODbL.",
  "timestamp": "2026-06-06T17:37:00Z",
  "features": [
    {
      "type": "Feature",
      "properties": {
        "@id": "relation/9336505",
        "name": "Mpumelelo",
        "place": "village",
        "type": "multipolygon",
        "@geometry": "center"
      },
      "geometry": {
        "type": "Point",
        "coordinates": [
          28.7723573,
          -19.0683262
        ]
      },
      "id": "relation/9336505"
    },
    {
      "type": "Feature",
      "properties": {
        "@id": "node/241500809",
        "name": "Victoria Falls",
        "place": "town",
        "population": "33060",
        "wikidata": "Q1393804",
        "wikipedia": "en:Victoria Falls, Zimbabwe"
      },
      "geometry": {
        "type": "Point",
        "coordinates": [
          25.8252767,
          -17.9349458
        ]
      },
      "id": "node/241500809"
    },
    {
      "type": "Feature",
      "properties": {
        "@id": "node/252622793",
        "name": "Kwekwe",
        "name:ml": "ക്വെക്വെ",
        "name:ru": "Квекве",
        "place": "city",
        "population": "93072",
        "source:population": "French Wikipedia",
        "wikidata": "Q399083",
        "wikipedia": "en:Kwekwe"
      },
      "geometry": {
        "type": "Point",
        "coordinates": [
          29.8140035,
          -18.9284366
        ]
      },
      "id": "node/252622793"
    },
    {
      "type": "Feature",
      "properties": {
        "@id": "node/253129357",
        "capital": "4",
        "name": "Masvingo",
        "name:ar": "ماسفينغو",
        "name:ko": "마스빙고",
        "name:ru": "Масвинго",
        "name:uk": "Масвінґо",
        "old_name": "Fort Victoria",
        "place": "city",
        "population": "72527",
        "wikidata": "Q601142",
        "wikipedia": "en:Masvingo"
      },
      "geometry": {
        "type": "Point",
        "coordinates": [
          30.8341936,
          -20.0720142
        ]
      },
      "id": "node/253129357"
    },
    {
      "type": "Feature",
      "properties": {
        "@id": "node/253192754",
        "capital": "4",
        "name": "Gweru",
        "name:ar": "غويرو",
        "name:en": "Gweru",
        "name:ko": "궤루",
        "name:ml": "ഗ്വേരു",
        "name:ru": "Гверу",
        "name:uk": "Ґверу",
        "place": "city",
        "population": "141260",
        "source:population": "French Wikipedia",
        "wikidata": "Q399316",
        "wikipedia": "en:Gweru"
      },
      "geometry": {
        "type": "Point",
        "coordinates": [
          29.8205953,
          -19.4616316
        ]
      },
      "id": "node/253192754"
    },
    {
      "type": "Feature",
      "properties": {
        "@id": "node/253224182",
        "capital": "4",
        "name": "Marondera",
        "name:ar": "مارونديرا",
        "name:ru": "Марондера",
        "old_name": "Marandellas",
        "place": "town",
        "population": "52283",
        "wikidata": "Q1019991",
        "wikipedia": "en:Marondera"
      },
      "geometry": {
        "type": "Point",
        "coordinates": [
          31.545542,
          -18.190098
        ]
      },
      "id": "node/253224182"
    },
    {
      "type": "Feature",
      "properties": {
        "@id": "node/253237975",
        "capital": "4",
        "name": "Mutare",
        "name:ar": "موتاري",
        "name:ko": "무타레",
        "name:ml": "മുത്താരെ",
        "name:ru": "Мутаре",
        "old_name": "Umtali",
        "place": "city",
        "population": "188243",
        "source:population": "DBpedia",
        "wikidata": "Q399322",
        "wikipedia": "en:Mutare"
      },
      "geometry": {
        "type": "Point",
        "coordinates": [
          32.670473,
          -18.974656
        ]
      },
      "id": "node/253237975"
    },
    {
      "type": "Feature",
      "properties": {
        "@id": "node/253241617",
        "name": "Kadoma",
        "name:en": "Kadoma",
        "name:ru": "Кадома",
        "name:uk": "Кадома",
        "place": "city",
        "population": "77749",
        "wikidata": "Q381560",
        "wikipedia": "en:Kadoma, Zimbabwe"
      },
      "geometry": {
        "type": "Point",
        "coordinates": [
          29.9135021,
          -18.3374033
        ]
      },
      "id": "node/253241617"
    },
    {
      "type": "Feature",
      "properties": {
        "@id": "node/253286428",
        "name": "Gokwe",
        "place": "town",
        "population": "17633",
        "wikidata": "Q1534487"
      },
      "geometry": {
        "type": "Point",
        "coordinates": [
          28.953933,
          -18.224982
        ]
      },
      "id": "node/253286428"
    },
    {
      "type": "Feature",
      "properties": {
        "@id": "node/253287072",
        "name": "Siabuwa",
        "place": "town"
      },
      "geometry": {
        "type": "Point",
        "coordinates": [
          28.1263035,
          -17.4574967
        ]
      },
      "id": "node/253287072"
    },
    {
      "type": "Feature",
      "properties": {
        "@id": "node/253381658",
        "name": "Dete",
        "place": "town",
        "wikidata": "Q1201090",
        "wikipedia": "en:Dete"
      },
      "geometry": {
        "type": "Point",
        "coordinates": [
          26.86125,
          -18.616589
        ]
      },
      "id": "node/253381658"
    },
    {
      "type": "Feature",
      "properties": {
        "@id": "way/268544457",
        "name": "Mzinyati Mission",
        "place": "village",
        "@geometry": "center"
      },
      "geometry": {
        "type": "Point",
        "coordinates": [
          28.9083746,
          -20.3961963
        ]
      },
      "id": "way/268544457"
    },
    {
      "type": "Feature",
      "properties": {
        "@id": "way/268599312",
        "landuse": "residential",
        "name": "Antelope Mine",
        "place": "village",
        "@geometry": "center"
      },
      "geometry": {
        "type": "Point",
        "coordinates": [
          28.45292,
          -21.057574
        ]
      },
      "id": "way/268599312"
    },
    {
      "type": "Feature",
      "properties": {
        "@id": "way/269140414",
        "name": "Ekusileni Mission",
        "place": "village",
        "@geometry": "center"
      },
      "geometry": {
        "type": "Point",
        "coordinates": [
          29.358549,
          -20.7288342
        ]
      },
      "id": "way/269140414"
    },
    {
      "type": "Feature",
      "properties": {
        "@id": "way/269146241",
        "name": "Croft Mine",
        "place": "village",
        "@geometry": "center"
      },
      "geometry": {
        "type": "Point",
        "coordinates": [
          29.3374464,
          -20.5633501
        ]
      },
      "id": "way/269146241"
    },
    {
      "type": "Feature",
      "properties": {
        "@id": "way/269158678",
        "name": "True Blue",
        "place": "village",
        "@geometry": "center"
      },
      "geometry": {
        "type": "Point",
        "coordinates": [
          29.3611869,
          -20.5304165
        ]
      },
      "id": "way/269158678"
    },
    {
      "type": "Feature",
      "properties": {
        "@id": "way/269488308",
        "name": "Greystone",
        "place": "hamlet",
        "@geometry": "center"
      },
      "geometry": {
        "type": "Point",
        "coordinates": [
          29.4903798,
          -20.1235215
        ]
      },
      "id": "way/269488308"
    },
    {
      "type": "Feature",
      "properties": {
        "@id": "way/269510340",
        "place": "hamlet",
        "@geometry": "center"
      },
      "geometry": {
        "type": "Point",
        "coordinates": [
          29.442842,
          -20.3140473
        ]
      },
      "id": "way/269510340"
    },
    {
      "type": "Feature",
      "properties": {
        "@id": "way/269550313",
        "name": "Don Bosco Mission",
        "place": "village",
        "@geometry": "center"
      },
      "geometry": {
        "type": "Point",
        "coordinates": [
          30.0518535,
          -20.7947058
        ]
      },
      "id": "way/269550313"
    },
    {
      "type": "Feature",
      "properties": {
        "@id": "way/272750968",
        "landuse": "residential",
        "name": "Tegwani Training Institute",
        "place": "village",
        "@geometry": "center"
      },
      "geometry": {
        "type": "Point",
        "coordinates": [
          27.7615415,
          -20.3875302
        ]
      },
      "id": "way/272750968"
    },
    {
      "type": "Feature",
      "properties": {
        "@id": "way/274222265",
        "landuse": "residential",
        "name": "Chikore Mission",
        "place": "village",
        "@geometry": "center"
      },
      "geometry": {
        "type": "Point",
        "coordinates": [
          32.4942448,
          -20.4347569
        ]
      },
      "id": "way/274222265"
    },
    {
      "type": "Feature",
      "properties": {
        "@id": "way/274555368",
        "name": "Chikombedzi",
        "place": "village",
        "@geometry": "center"
      },
      "geometry": {
        "type": "Point",
        "coordinates": [
          31.3201173,
          -21.6787157
        ]
      },
      "id": "way/274555368"
    },
    {
      "type": "Feature",
      "properties": {
        "@id": "way/274795270",
        "place": "village",
        "@geometry": "center"
      },
      "geometry": {
        "type": "Point",
        "coordinates": [
          27.7424754,
          -20.9972707
        ]
      },
      "id": "way/274795270"
    },
    {
      "type": "Feature",
      "properties": {
        "@id": "way/278782637",
        "landuse": "residential",
        "name": "Swanscoe",
        "place": "hamlet",
        "@geometry": "center"
      },
      "geometry": {
        "type": "Point",
        "coordinates": [
          30.4874434,
          -21.7257421
        ]
      },
      "id": "way/278782637"
    },
    {
      "type": "Feature",
      "properties": {
        "@id": "way/280205212",
        "name": "David Livingstone Mission",
        "place": "village",
        "@geometry": "center"
      },
      "geometry": {
        "type": "Point",
        "coordinates": [
          28.8446943,
          -20.0300436
        ]
      },
      "id": "way/280205212"
    },
    {
      "type": "Feature",
      "properties": {
        "@id": "way/280451566",
        "name": "Mission",
        "place": "village",
        "@geometry": "center"
      },
      "geometry": {
        "type": "Point",
        "coordinates": [
          30.1991092,
          -19.7237053
        ]
      },
      "id": "way/280451566"
    },
    {
      "type": "Feature",
      "properties": {
        "@id": "way/281312604",
        "name": "Holy Cross Mission",
        "place": "village",
        "@geometry": "center"
      },
      "geometry": {
        "type": "Point",
        "coordinates": [
          30.5766693,
          -19.5690609
        ]
      },
      "id": "way/281312604"
    },
    {
      "type": "Feature",
      "properties": {
        "@id": "way/281774906",
        "name": "St Joseph's Mission",
        "place": "village",
        "@geometry": "center"
      },
      "geometry": {
        "type": "Point",
        "coordinates": [
          30.62765,
          -19.7190187
        ]
      },
      "id": "way/281774906"
    },
    {
      "type": "Feature",
      "properties": {
        "@id": "node/282335934",
        "admin_level": "2",
        "capital": "yes",
        "is_capital": "country",
        "name": "Harare",
        "name:am": "ሀራሬ",
        "name:ar": "هراري",
        "name:arz": "هارارى",
        "name:ba": "Хараре",
        "name:be": "Харарэ",
        "name:bg": "Хараре",
        "name:bn": "হারারে",
        "name:bo": "ཧ་ར་རི།",
        "name:br": "Harare",
        "name:ca": "Harare",
        "name:ce": "Хараре",
        "name:ckb": "ھەرارێ",
        "name:de": "Harare",
        "name:el": "Χαράρε",
        "name:en": "Harare",
        "name:eo": "Harareo",
        "name:es": "Harare",
        "name:fa": "هراره",
        "name:fi": "Harare",
        "name:fr": "Harare",
        "name:he": "הארארה",
        "name:hi": "हरारे",
        "name:ht": "Arare",
        "name:hu": "Harare",
        "name:hy": "Հարարե",
        "name:is": "Harare",
        "name:it": "Harare",
        "name:ja": "ハラレ",
        "name:ka": "ჰარარე",
        "name:kab": "Harare",
        "name:kk": "Хараре",
        "name:ko": "하라레",
        "name:ku": "Harare",
        "name:ky": "Хараре",
        "name:la": "Hararensis Urbs",
        "name:lt": "Hararė",
        "name:mk": "Хараре",
        "name:ml": "ഹരാരെ",
        "name:mn": "Хараре",
        "name:mr": "हरारे",
        "name:mrj": "Хараре",
        "name:my": "ဟာရာ့ရီမြို့",
        "name:ne": "हरारे",
        "name:nl": "Harare",
        "name:no": "Harare",
        "name:nv": "Tówoł Hadahiilíinii",
        "name:oc": "Harare",
        "name:os": "Хараре",
        "name:pa": "ਹਰਾਰੇ",
        "name:pl": "Harare",
        "name:pnb": "ہرارے",
        "name:ps": "هراره",
        "name:pt": "Harare",
        "name:ru": "Хараре",
        "name:sd": "هراري",
        "name:si": "හරාරේ",
        "name:sr": "Хараре",
        "name:sv": "Harare",
        "name:ta": "ஹராரே",
        "name:tg": "Хараре",
        "name:th": "ฮาราเร",
        "name:tr": "Harare",
        "name:udm": "Хараре",
        "name:ug": "ھارارې",
        "name:uk": "Хараре",
        "name:ur": "ہرارے",
        "name:uz": "Xarare",
        "name:wal": "Harare",
        "name:wo": "Arare",
        "name:yi": "הארארע",
        "name:zh": "哈拉雷",
        "name:zu": "IHarare",
        "old_name": "Salisbury",
        "place": "city",
        "population": "1606000",
        "source:name:br": "ofis publik ar brezhoneg",
        "source:name:oc": "Lo Congrès",
        "wikidata": "Q3921",
        "wikipedia": "en:Harare"
      },
      "geometry": {
        "type": "Point",
        "coordinates": [
          31.045686,
          -17.831773
        ]
      },
      "id": "node/282335934"
    },
    {
      "type": "Feature",
      "properties": {
        "@id": "node/294549464",
        "name": "Shangani",
        "place": "village",
        "wikidata": "Q2276896",
        "wikipedia": "de:Shangani (Simbabwe)"
      },
      "geometry": {
        "type": "Point",
        "coordinates": [
          29.3641715,
          -19.7784887
        ]
      },
      "id": "node/294549464"
    },
    {
      "type": "Feature",
      "properties": {
        "@id": "node/295148550",
        "name": "Chegutu",
        "old_name": "Hartley",
        "place": "town",
        "population": "42959",
        "wikidata": "Q1068972",
        "wikipedia": "en:Chegutu"
      },
      "geometry": {
        "type": "Point",
        "coordinates": [
          30.146014,
          -18.130479
        ]
      },
      "id": "node/295148550"
    },
    {
      "type": "Feature",
      "properties": {
        "@id": "node/296424664",
        "is_in": "Binga District, Matabeleland North, Zimbabwe",
        "name": "Binga",
        "place": "town"
      },
      "geometry": {
        "type": "Point",
        "coordinates": [
          27.3425776,
          -17.6218333
        ]
      },
      "id": "node/296424664"
    },
    {
      "type": "Feature",
      "properties": {
        "@id": "node/297513517",
        "name": "Mbalabala",
        "place": "village",
        "wikidata": "Q11160527"
      },
      "geometry": {
        "type": "Point",
        "coordinates": [
          29.04291,
          -20.443614
        ]
      },
      "id": "node/297513517"
    },
    {
      "type": "Feature",
      "properties": {
        "@id": "node/297522524",
        "capital": "4",
        "name": "Gwanda",
        "name:ar": "جواندا",
        "name:ru": "Гванда",
        "place": "town",
        "population": "14450",
        "wikidata": "Q1557796",
        "wikipedia": "en:Gwanda"
      },
      "geometry": {
        "type": "Point",
        "coordinates": [
          29.0036855,
          -20.9414292
        ]
      },
      "id": "node/297522524"
    },
    {
      "type": "Feature",
      "properties": {
        "@id": "node/298003865",
        "name": "West Nicholson",
        "place": "town",
        "population": "1633",
        "wikidata": "Q1754606"
      },
      "geometry": {
        "type": "Point",
        "coordinates": [
          29.367657,
          -21.065729
        ]
      },
      "id": "node/298003865"
    },
    {
      "type": "Feature",
      "properties": {
        "@id": "node/301430334",
        "name": "Shurugwi",
        "place": "town",
        "population": "16866",
        "wikidata": "Q1188217"
      },
      "geometry": {
        "type": "Point",
        "coordinates": [
          30.000408,
          -19.668249
        ]
      },
      "id": "node/301430334"
    },
    {
      "type": "Feature",
      "properties": {
        "@id": "node/302734175",
        "name": "Rusape",
        "place": "town",
        "population": "25054",
        "wikidata": "Q991725"
      },
      "geometry": {
        "type": "Point",
        "coordinates": [
          32.1256769,
          -18.5334765
        ]
      },
      "id": "node/302734175"
    },
    {
      "type": "Feature",
      "properties": {
        "@id": "node/305463169",
        "is_in": "Zimbabwe",
        "name": "Chipinge",
        "place": "town",
        "population": "17458",
        "wikidata": "Q994412"
      },
      "geometry": {
        "type": "Point",
        "coordinates": [
          32.619425,
          -20.188929
        ]
      },
      "id": "node/305463169"
    },
    {
      "type": "Feature",
      "properties": {
        "@id": "node/305478461",
        "name": "Chivi",
        "place": "town"
      },
      "geometry": {
        "type": "Point",
        "coordinates": [
          30.5022135,
          -20.3109568
        ]
      },
      "id": "node/305478461"
    },
    {
      "type": "Feature",
      "properties": {
        "@id": "node/305484584",
        "name": "Mashava",
        "place": "village",
        "wikidata": "Q1907062"
      },
      "geometry": {
        "type": "Point",
        "coordinates": [
          30.488972,
          -20.045421
        ]
      },
      "id": "node/305484584"
    },
    {
      "type": "Feature",
      "properties": {
        "@id": "node/305575296",
        "name": "Chivhu",
        "place": "town"
      },
      "geometry": {
        "type": "Point",
        "coordinates": [
          30.8969497,
          -19.0187032
        ]
      },
      "id": "node/305575296"
    },
    {
      "type": "Feature",
      "properties": {
        "@id": "node/306131781",
        "name": "Makuti",
        "place": "town",
        "wikidata": "Q1886566"
      },
      "geometry": {
        "type": "Point",
        "coordinates": [
          29.251804,
          -16.31693
        ]
      },
      "id": "node/306131781"
    },
    {
      "type": "Feature",
      "properties": {
        "@id": "node/306639497",
        "name": "Kariba",
        "place": "town",
        "population": "24210",
        "wikidata": "Q1025799",
        "wikipedia": "en:Kariba, Zimbabwe"
      },
      "geometry": {
        "type": "Point",
        "coordinates": [
          28.7755479,
          -16.527274
        ]
      },
      "id": "node/306639497"
    },
    {
      "type": "Feature",
      "properties": {
        "@id": "node/307152707",
        "capital": "4",
        "name": "Bindura",
        "place": "town",
        "population": "40233",
        "wikidata": "Q863727"
      },
      "geometry": {
        "type": "Point",
        "coordinates": [
          31.3299701,
          -17.2989727
        ]
      },
      "id": "node/307152707"
    },
    {
      "type": "Feature",
      "properties": {
        "@id": "node/307524303",
        "name": "Glendale",
        "place": "town"
      },
      "geometry": {
        "type": "Point",
        "coordinates": [
          31.0645924,
          -17.3599818
        ]
      },
      "id": "node/307524303"
    },
    {
      "type": "Feature",
      "properties": {
        "@id": "node/307615037",
        "name": "Lions Den",
        "place": "village",
        "wikidata": "Q1827298"
      },
      "geometry": {
        "type": "Point",
        "coordinates": [
          30.024887,
          -17.267818
        ]
      },
      "id": "node/307615037"
    },
    {
      "type": "Feature",
      "properties": {
        "@id": "node/307615357",
        "name": "Karoi",
        "place": "town",
        "population": "22293",
        "wikidata": "Q994419"
      },
      "geometry": {
        "type": "Point",
        "coordinates": [
          29.6836936,
          -16.8190442
        ]
      },
      "id": "node/307615357"
    },
    {
      "type": "Feature",
      "properties": {
        "@id": "node/307644553",
        "name": "Mutoko",
        "place": "town",
        "wikidata": "Q489569",
        "wikipedia": "en:Mutoko"
      },
      "geometry": {
        "type": "Point",
        "coordinates": [
          32.225574,
          -17.404553
        ]
      },
      "id": "node/307644553"
    },
    {
      "type": "Feature",
      "properties": {
        "@id": "node/307644779",
        "name": "Kotwa",
        "place": "town",
        "wikidata": "Q20981292"
      },
      "geometry": {
        "type": "Point",
        "coordinates": [
          32.670441,
          -16.990979
        ]
      },
      "id": "node/307644779"
    },
    {
      "type": "Feature",
      "properties": {
        "@id": "node/307673569",
        "name": "Mazowe",
        "place": "village",
        "population": "6561",
        "population:date": "2012",
        "wikidata": "Q6798645"
      },
      "geometry": {
        "type": "Point",
        "coordinates": [
          30.972948,
          -17.506992
        ]
      },
      "id": "node/307673569"
    },
    {
      "type": "Feature",
      "properties": {
        "@id": "node/309376734",
        "name": "Zvishavane",
        "old_name": "Shabani",
        "place": "town",
        "population": "35229",
        "wikidata": "Q231399",
        "wikipedia": "en:Zvishavane"
      },
      "geometry": {
        "type": "Point",
        "coordinates": [
          30.0526888,
          -20.3159097
        ]
      },
      "id": "node/309376734"
    },
    {
      "type": "Feature",
      "properties": {
        "@id": "node/310399116",
        "name": "Plumtree",
        "place": "town",
        "population": "11626",
        "wikidata": "Q1974068"
      },
      "geometry": {
        "type": "Point",
        "coordinates": [
          27.805601,
          -20.4880677
        ]
      },
      "id": "node/310399116"
    },
    {
      "type": "Feature",
      "properties": {
        "@id": "node/331743007",
        "name": "Nyazura",
        "old_name": "Inyazura",
        "place": "town",
        "wikidata": "Q1664602"
      },
      "geometry": {
        "type": "Point",
        "coordinates": [
          32.1674628,
          -18.7141193
        ]
      },
      "id": "node/331743007"
    },
    {
      "type": "Feature",
      "properties": {
        "@id": "way/425579030",
        "place": "hamlet",
        "@geometry": "center"
      },
      "geometry": {
        "type": "Point",
        "coordinates": [
          27.543587,
          -18.1211883
        ]
      },
      "id": "way/425579030"
    },
    {
      "type": "Feature",
      "properties": {
        "@id": "way/425579031",
        "place": "hamlet",
        "@geometry": "center"
      },
      "geometry": {
        "type": "Point",
        "coordinates": [
          27.5432423,
          -18.1253506
        ]
      },
      "id": "way/425579031"
    },
    {
      "type": "Feature",
      "properties": {
        "@id": "way/489674195",
        "place": "village",
        "@geometry": "center"
      },
      "geometry": {
        "type": "Point",
        "coordinates": [
          28.8187691,
          -17.1804924
        ]
      },
      "id": "way/489674195"
    },
    {
      "type": "Feature",
      "properties": {
        "@id": "way/491647377",
        "place": "village",
        "@geometry": "center"
      },
      "geometry": {
        "type": "Point",
        "coordinates": [
          31.7061491,
          -17.1122945
        ]
      },
      "id": "way/491647377"
    },
    {
      "type": "Feature",
      "properties": {
        "@id": "way/500133040",
        "building": "yes",
        "name": "Gambisa",
        "place": "village",
        "@geometry": "center"
      },
      "geometry": {
        "type": "Point",
        "coordinates": [
          29.6223908,
          -18.109757
        ]
      },
      "id": "way/500133040"
    },
    {
      "type": "Feature",
      "properties": {
        "@id": "way/500133041",
        "building": "yes",
        "name": "Gambisa",
        "place": "village",
        "@geometry": "center"
      },
      "geometry": {
        "type": "Point",
        "coordinates": [
          29.6221407,
          -18.109948
        ]
      },
      "id": "way/500133041"
    },
    {
      "type": "Feature",
      "properties": {
        "@id": "way/667856429",
        "name": "Village 5 Nyajezi",
        "place": "village",
        "@geometry": "center"
      },
      "geometry": {
        "type": "Point",
        "coordinates": [
          32.7247328,
          -17.9463163
        ]
      },
      "id": "way/667856429"
    },
    {
      "type": "Feature",
      "properties": {
        "@id": "way/667856445",
        "name": "Village 6 Nyajezi",
        "place": "village",
        "@geometry": "center"
      },
      "geometry": {
        "type": "Point",
        "coordinates": [
          32.7090338,
          -17.9605238
        ]
      },
      "id": "way/667856445"
    },
    {
      "type": "Feature",
      "properties": {
        "@id": "way/667878547",
        "name": "Village 8 Nyajezi",
        "place": "village",
        "@geometry": "center"
      },
      "geometry": {
        "type": "Point",
        "coordinates": [
          32.7065536,
          -17.985706
        ]
      },
      "id": "way/667878547"
    },
    {
      "type": "Feature",
      "properties": {
        "@id": "way/667913370",
        "name": "Village 10 Nyajezi",
        "place": "village",
        "@geometry": "center"
      },
      "geometry": {
        "type": "Point",
        "coordinates": [
          32.726262,
          -18.0073377
        ]
      },
      "id": "way/667913370"
    },
    {
      "type": "Feature",
      "properties": {
        "@id": "way/667913374",
        "name": "Village 12 Nyajezi",
        "place": "village",
        "@geometry": "center"
      },
      "geometry": {
        "type": "Point",
        "coordinates": [
          32.7233476,
          -18.0221587
        ]
      },
      "id": "way/667913374"
    },
    {
      "type": "Feature",
      "properties": {
        "@id": "way/667913376",
        "name": "Village 11 Nyajezi, Flaknek Farm",
        "place": "village",
        "@geometry": "center"
      },
      "geometry": {
        "type": "Point",
        "coordinates": [
          32.7071293,
          -18.0205434
        ]
      },
      "id": "way/667913376"
    },
    {
      "type": "Feature",
      "properties": {
        "@id": "way/668031613",
        "place": "village",
        "@geometry": "center"
      },
      "geometry": {
        "type": "Point",
        "coordinates": [
          32.6555864,
          -17.9685786
        ]
      },
      "id": "way/668031613"
    },
    {
      "type": "Feature",
      "properties": {
        "@id": "way/668035742",
        "name": "Village 3 Nyajezi",
        "place": "village",
        "@geometry": "center"
      },
      "geometry": {
        "type": "Point",
        "coordinates": [
          32.686241,
          -17.9329797
        ]
      },
      "id": "way/668035742"
    },
    {
      "type": "Feature",
      "properties": {
        "@id": "way/668051743",
        "name": "Village 2 Nyajezi",
        "place": "village",
        "@geometry": "center"
      },
      "geometry": {
        "type": "Point",
        "coordinates": [
          32.6915052,
          -17.9159764
        ]
      },
      "id": "way/668051743"
    },
    {
      "type": "Feature",
      "properties": {
        "@id": "way/668051747",
        "name": "Village 1 Nyajezi",
        "place": "village",
        "@geometry": "center"
      },
      "geometry": {
        "type": "Point",
        "coordinates": [
          32.6690765,
          -17.9198112
        ]
      },
      "id": "way/668051747"
    },
    {
      "type": "Feature",
      "properties": {
        "@id": "way/668051749",
        "place": "village",
        "@geometry": "center"
      },
      "geometry": {
        "type": "Point",
        "coordinates": [
          32.6697867,
          -17.9166971
        ]
      },
      "id": "way/668051749"
    },
    {
      "type": "Feature",
      "properties": {
        "@id": "way/668527068",
        "place": "village",
        "@geometry": "center"
      },
      "geometry": {
        "type": "Point",
        "coordinates": [
          32.3827002,
          -18.2332416
        ]
      },
      "id": "way/668527068"
    },
    {
      "type": "Feature",
      "properties": {
        "@id": "way/668771724",
        "place": "village",
        "@geometry": "center"
      },
      "geometry": {
        "type": "Point",
        "coordinates": [
          32.3937717,
          -18.6184767
        ]
      },
      "id": "way/668771724"
    },
    {
      "type": "Feature",
      "properties": {
        "@id": "way/668771725",
        "place": "village",
        "@geometry": "center"
      },
      "geometry": {
        "type": "Point",
        "coordinates": [
          32.3907939,
          -18.6117589
        ]
      },
      "id": "way/668771725"
    },
    {
      "type": "Feature",
      "properties": {
        "@id": "way/668775293",
        "place": "village",
        "@geometry": "center"
      },
      "geometry": {
        "type": "Point",
        "coordinates": [
          32.2864816,
          -18.5404794
        ]
      },
      "id": "way/668775293"
    },
    {
      "type": "Feature",
      "properties": {
        "@id": "way/669212774",
        "place": "village",
        "@geometry": "center"
      },
      "geometry": {
        "type": "Point",
        "coordinates": [
          32.6998111,
          -18.7490377
        ]
      },
      "id": "way/669212774"
    },
    {
      "type": "Feature",
      "properties": {
        "@id": "way/669416601",
        "place": "village",
        "@geometry": "center"
      },
      "geometry": {
        "type": "Point",
        "coordinates": [
          32.5501285,
          -18.4773255
        ]
      },
      "id": "way/669416601"
    },
    {
      "type": "Feature",
      "properties": {
        "@id": "way/669416615",
        "place": "village",
        "@geometry": "center"
      },
      "geometry": {
        "type": "Point",
        "coordinates": [
          32.5989117,
          -18.5494359
        ]
      },
      "id": "way/669416615"
    },
    {
      "type": "Feature",
      "properties": {
        "@id": "way/669982491",
        "place": "village",
        "@geometry": "center"
      },
      "geometry": {
        "type": "Point",
        "coordinates": [
          27.129416,
          -18.5962323
        ]
      },
      "id": "way/669982491"
    },
    {
      "type": "Feature",
      "properties": {
        "@id": "way/670401858",
        "place": "village",
        "@geometry": "center"
      },
      "geometry": {
        "type": "Point",
        "coordinates": [
          27.3142755,
          -18.7066619
        ]
      },
      "id": "way/670401858"
    },
    {
      "type": "Feature",
      "properties": {
        "@id": "way/670971376",
        "place": "village",
        "@geometry": "center"
      },
      "geometry": {
        "type": "Point",
        "coordinates": [
          32.6853255,
          -18.7404561
        ]
      },
      "id": "way/670971376"
    },
    {
      "type": "Feature",
      "properties": {
        "@id": "way/670971380",
        "place": "village",
        "@geometry": "center"
      },
      "geometry": {
        "type": "Point",
        "coordinates": [
          32.6923129,
          -18.7198763
        ]
      },
      "id": "way/670971380"
    },
    {
      "type": "Feature",
      "properties": {
        "@id": "way/670971382",
        "place": "village",
        "@geometry": "center"
      },
      "geometry": {
        "type": "Point",
        "coordinates": [
          32.6993734,
          -18.7316959
        ]
      },
      "id": "way/670971382"
    },
    {
      "type": "Feature",
      "properties": {
        "@id": "way/677815731",
        "name": "Basil Dzikiti Homestead",
        "place": "hamlet",
        "@geometry": "center"
      },
      "geometry": {
        "type": "Point",
        "coordinates": [
          32.2371186,
          -18.2042684
        ]
      },
      "id": "way/677815731"
    },
    {
      "type": "Feature",
      "properties": {
        "@id": "node/695661989",
        "name": "Munyati",
        "place": "village",
        "wikidata": "Q6937035"
      },
      "geometry": {
        "type": "Point",
        "coordinates": [
          29.785682,
          -18.65642
        ]
      },
      "id": "node/695661989"
    },
    {
      "type": "Feature",
      "properties": {
        "@id": "way/762401401",
        "place": "village",
        "@geometry": "center"
      },
      "geometry": {
        "type": "Point",
        "coordinates": [
          32.1905395,
          -17.6293345
        ]
      },
      "id": "way/762401401"
    },
    {
      "type": "Feature",
      "properties": {
        "@id": "way/767665114",
        "place": "hamlet",
        "@geometry": "center"
      },
      "geometry": {
        "type": "Point",
        "coordinates": [
          30.6032861,
          -22.2258828
        ]
      },
      "id": "way/767665114"
    },
    {
      "type": "Feature",
      "properties": {
        "@id": "way/767673945",
        "place": "hamlet",
        "@geometry": "center"
      },
      "geometry": {
        "type": "Point",
        "coordinates": [
          30.4475785,
          -22.1753564
        ]
      },
      "id": "way/767673945"
    },
    {
      "type": "Feature",
      "properties": {
        "@id": "way/767673958",
        "place": "hamlet",
        "@geometry": "center"
      },
      "geometry": {
        "type": "Point",
        "coordinates": [
          30.4447373,
          -22.1772497
        ]
      },
      "id": "way/767673958"
    },
    {
      "type": "Feature",
      "properties": {
        "@id": "way/767673959",
        "place": "hamlet",
        "@geometry": "center"
      },
      "geometry": {
        "type": "Point",
        "coordinates": [
          30.4442325,
          -22.1793827
        ]
      },
      "id": "way/767673959"
    },
    {
      "type": "Feature",
      "properties": {
        "@id": "way/767673960",
        "place": "hamlet",
        "@geometry": "center"
      },
      "geometry": {
        "type": "Point",
        "coordinates": [
          30.4437555,
          -22.1808384
        ]
      },
      "id": "way/767673960"
    },
    {
      "type": "Feature",
      "properties": {
        "@id": "node/911106206",
        "name": "Tangwena",
        "place": "village"
      },
      "geometry": {
        "type": "Point",
        "coordinates": [
          30.2507605,
          -18.6582705
        ]
      },
      "id": "node/911106206"
    },
    {
      "type": "Feature",
      "properties": {
        "@id": "node/925374110",
        "name": "Mvuma",
        "place": "town",
        "population": "7000",
        "wikidata": "Q1770169"
      },
      "geometry": {
        "type": "Point",
        "coordinates": [
          30.531038,
          -19.281896
        ]
      },
      "id": "node/925374110"
    },
    {
      "type": "Feature",
      "properties": {
        "@id": "node/929819108",
        "name": "Daiseyfield",
        "place": "village"
      },
      "geometry": {
        "type": "Point",
        "coordinates": [
          29.4922921,
          -19.7260146
        ]
      },
      "id": "node/929819108"
    },
    {
      "type": "Feature",
      "properties": {
        "@id": "node/929819110",
        "is_in": "Zimbabwe",
        "name": "Cathleen",
        "place": "village"
      },
      "geometry": {
        "type": "Point",
        "coordinates": [
          28.70999,
          -20.1013068
        ]
      },
      "id": "node/929819110"
    },
    {
      "type": "Feature",
      "properties": {
        "@id": "node/929819119",
        "name": "Mbembesi",
        "place": "village"
      },
      "geometry": {
        "type": "Point",
        "coordinates": [
          28.9287828,
          -19.993508
        ]
      },
      "id": "node/929819119"
    },
    {
      "type": "Feature",
      "properties": {
        "@id": "node/929819120",
        "name": "Lochard",
        "place": "village"
      },
      "geometry": {
        "type": "Point",
        "coordinates": [
          29.0089556,
          -19.9293056
        ]
      },
      "id": "node/929819120"
    },
    {
      "type": "Feature",
      "properties": {
        "@id": "node/929819122",
        "name": "Kombo",
        "place": "village"
      },
      "geometry": {
        "type": "Point",
        "coordinates": [
          29.0903041,
          -19.8428806
        ]
      },
      "id": "node/929819122"
    },
    {
      "type": "Feature",
      "properties": {
        "@id": "node/929819124",
        "name": "Ntabazinduna",
        "place": "village"
      },
      "geometry": {
        "type": "Point",
        "coordinates": [
          28.8517367,
          -20.0387193
        ]
      },
      "id": "node/929819124"
    },
    {
      "type": "Feature",
      "properties": {
        "@id": "node/929819125",
        "name": "Insiza",
        "place": "hamlet"
      },
      "geometry": {
        "type": "Point",
        "coordinates": [
          29.1920157,
          -19.7805372
        ]
      },
      "id": "node/929819125"
    },
    {
      "type": "Feature",
      "properties": {
        "@id": "node/929819134",
        "name": "Willoughby",
        "place": "village"
      },
      "geometry": {
        "type": "Point",
        "coordinates": [
          29.7248075,
          -19.5813687
        ]
      },
      "id": "node/929819134"
    },
    {
      "type": "Feature",
      "properties": {
        "@id": "node/929819135",
        "name": "Wilda",
        "place": "village"
      },
      "geometry": {
        "type": "Point",
        "coordinates": [
          29.5756606,
          -19.6947393
        ]
      },
      "id": "node/929819135"
    },
    {
      "type": "Feature",
      "properties": {
        "@id": "node/929983722",
        "name": "Cross Dete",
        "place": "village"
      },
      "geometry": {
        "type": "Point",
        "coordinates": [
          26.9199338,
          -18.4872904
        ]
      },
      "id": "node/929983722"
    },
    {
      "type": "Feature",
      "properties": {
        "@id": "node/966679467",
        "name": "Nkayi",
        "place": "town"
      },
      "geometry": {
        "type": "Point",
        "coordinates": [
          28.896946,
          -19.0099744
        ]
      },
      "id": "node/966679467"
    },
    {
      "type": "Feature",
      "properties": {
        "@id": "node/966679507",
        "fixme": "name",
        "name": "Village",
        "place": "village"
      },
      "geometry": {
        "type": "Point",
        "coordinates": [
          28.642216,
          -18.9773247
        ]
      },
      "id": "node/966679507"
    },
    {
      "type": "Feature",
      "properties": {
        "@id": "node/966679508",
        "fixme": "name",
        "name": "Village",
        "place": "village"
      },
      "geometry": {
        "type": "Point",
        "coordinates": [
          28.3554178,
          -18.9485842
        ]
      },
      "id": "node/966679508"
    },
    {
      "type": "Feature",
      "properties": {
        "@id": "node/966747715",
        "name": "Cyrene",
        "place": "village"
      },
      "geometry": {
        "type": "Point",
        "coordinates": [
          28.4109729,
          -20.3317044
        ]
      },
      "id": "node/966747715"
    },
    {
      "type": "Feature",
      "properties": {
        "@id": "node/1042038700",
        "name": "Wedza",
        "place": "town",
        "population": "70968",
        "source": "ourairports.com",
        "wikidata": "Q1639709"
      },
      "geometry": {
        "type": "Point",
        "coordinates": [
          31.568184,
          -18.621494
        ]
      },
      "id": "node/1042038700"
    },
    {
      "type": "Feature",
      "properties": {
        "@id": "node/1199446592",
        "alt_name:ar": "هوانغي",
        "name": "Hwange",
        "name:ar": "هوانج",
        "name:en": "Hwange",
        "name:ru": "Хванге",
        "place": "town",
        "population": "42581",
        "wikidata": "Q1202229",
        "wikipedia": "en:Hwange"
      },
      "geometry": {
        "type": "Point",
        "coordinates": [
          26.4986965,
          -18.3529115
        ]
      },
      "id": "node/1199446592"
    },
    {
      "type": "Feature",
      "properties": {
        "@id": "way/1235679280",
        "landuse": "residential",
        "place": "village",
        "@geometry": "center"
      },
      "geometry": {
        "type": "Point",
        "coordinates": [
          29.5502453,
          -17.8655165
        ]
      },
      "id": "way/1235679280"
    },
    {
      "type": "Feature",
      "properties": {
        "@id": "way/1235679281",
        "landuse": "residential",
        "place": "village",
        "@geometry": "center"
      },
      "geometry": {
        "type": "Point",
        "coordinates": [
          29.5500189,
          -17.8666711
        ]
      },
      "id": "way/1235679281"
    },
    {
      "type": "Feature",
      "properties": {
        "@id": "way/1235679282",
        "landuse": "residential",
        "place": "village",
        "@geometry": "center"
      },
      "geometry": {
        "type": "Point",
        "coordinates": [
          29.5480075,
          -17.8642014
        ]
      },
      "id": "way/1235679282"
    },
    {
      "type": "Feature",
      "properties": {
        "@id": "way/1235679303",
        "landuse": "residential",
        "place": "village",
        "@geometry": "center"
      },
      "geometry": {
        "type": "Point",
        "coordinates": [
          29.5479926,
          -17.8658419
        ]
      },
      "id": "way/1235679303"
    },
    {
      "type": "Feature",
      "properties": {
        "@id": "node/1238962193",
        "name": "Gutu",
        "place": "town",
        "wikidata": "Q489622"
      },
      "geometry": {
        "type": "Point",
        "coordinates": [
          31.159458,
          -19.642423
        ]
      },
      "id": "node/1238962193"
    },
    {
      "type": "Feature",
      "properties": {
        "@id": "node/1243605851",
        "name": "Chiredzi",
        "place": "town",
        "population": "26129",
        "wikidata": "Q1074697"
      },
      "geometry": {
        "type": "Point",
        "coordinates": [
          31.6688771,
          -21.0452949
        ]
      },
      "id": "node/1243605851"
    },
    {
      "type": "Feature",
      "properties": {
        "@id": "node/1243607791",
        "name": "Triangle",
        "place": "town",
        "population": "1490"
      },
      "geometry": {
        "type": "Point",
        "coordinates": [
          31.4504204,
          -21.0337095
        ]
      },
      "id": "node/1243607791"
    },
    {
      "type": "Feature",
      "properties": {
        "@id": "node/1243642304",
        "name": "Silveira Mission",
        "place": "village"
      },
      "geometry": {
        "type": "Point",
        "coordinates": [
          31.6872,
          -20.0225662
        ]
      },
      "id": "node/1243642304"
    },
    {
      "type": "Feature",
      "properties": {
        "@id": "node/1363423672",
        "int_name": "Chimanimani",
        "name": "Chimanimani",
        "old_name": "Melsetter",
        "place": "town",
        "population": "2752",
        "wikidata": "Q1073089",
        "wikipedia": "en:Chimanimani"
      },
      "geometry": {
        "type": "Point",
        "coordinates": [
          32.870727,
          -19.804133
        ]
      },
      "id": "node/1363423672"
    },
    {
      "type": "Feature",
      "properties": {
        "@id": "way/1408803948",
        "landuse": "residential",
        "place": "hamlet",
        "@geometry": "center"
      },
      "geometry": {
        "type": "Point",
        "coordinates": [
          32.0488921,
          -19.5913325
        ]
      },
      "id": "way/1408803948"
    },
    {
      "type": "Feature",
      "properties": {
        "@id": "way/1422316890",
        "name": "Village 9 Nyajezi",
        "place": "village",
        "@geometry": "center"
      },
      "geometry": {
        "type": "Point",
        "coordinates": [
          32.7172061,
          -17.9992786
        ]
      },
      "id": "way/1422316890"
    },
    {
      "type": "Feature",
      "properties": {
        "@id": "way/1422316891",
        "name": "Village 7 Nyajezi",
        "place": "village",
        "@geometry": "center"
      },
      "geometry": {
        "type": "Point",
        "coordinates": [
          32.6917541,
          -17.9907322
        ]
      },
      "id": "way/1422316891"
    },
    {
      "type": "Feature",
      "properties": {
        "@id": "way/1422316892",
        "name": "Village 4 Nyajezi",
        "place": "village",
        "@geometry": "center"
      },
      "geometry": {
        "type": "Point",
        "coordinates": [
          32.7051874,
          -17.9494337
        ]
      },
      "id": "way/1422316892"
    },
    {
      "type": "Feature",
      "properties": {
        "@id": "way/1422321681",
        "name": "Village 13 Nyajezi",
        "place": "village",
        "@geometry": "center"
      },
      "geometry": {
        "type": "Point",
        "coordinates": [
          32.7030421,
          -18.0431258
        ]
      },
      "id": "way/1422321681"
    },
    {
      "type": "Feature",
      "properties": {
        "@id": "way/1422321682",
        "name": "Village 14 Nyajezi",
        "place": "village",
        "@geometry": "center"
      },
      "geometry": {
        "type": "Point",
        "coordinates": [
          32.7116698,
          -18.0345394
        ]
      },
      "id": "way/1422321682"
    },
    {
      "type": "Feature",
      "properties": {
        "@id": "node/1447741011",
        "name": "Mapolisa",
        "place": "village"
      },
      "geometry": {
        "type": "Point",
        "coordinates": [
          28.0833066,
          -21.4999967
        ]
      },
      "id": "node/1447741011"
    },
    {
      "type": "Feature",
      "properties": {
        "@id": "node/2016374018",
        "name": "Ndola",
        "place": "hamlet",
        "population": "977"
      },
      "geometry": {
        "type": "Point",
        "coordinates": [
          27.5680573,
          -17.9643825
        ]
      },
      "id": "node/2016374018"
    },
    {
      "type": "Feature",
      "properties": {
        "@id": "node/2016379311",
        "name": "Kariyangwe",
        "place": "village",
        "wikidata": "Q6371128"
      },
      "geometry": {
        "type": "Point",
        "coordinates": [
          27.534469,
          -17.969967
        ]
      },
      "id": "node/2016379311"
    },
    {
      "type": "Feature",
      "properties": {
        "@id": "node/2018138100",
        "name": "Lubimbi",
        "place": "village"
      },
      "geometry": {
        "type": "Point",
        "coordinates": [
          27.3036545,
          -18.4590498
        ]
      },
      "id": "node/2018138100"
    },
    {
      "type": "Feature",
      "properties": {
        "@id": "node/2018138101",
        "name": "Lusulu",
        "place": "village"
      },
      "geometry": {
        "type": "Point",
        "coordinates": [
          27.8340759,
          -18.0651906
        ]
      },
      "id": "node/2018138101"
    },
    {
      "type": "Feature",
      "properties": {
        "@id": "node/2018138103",
        "name": "Pashu",
        "place": "village"
      },
      "geometry": {
        "type": "Point",
        "coordinates": [
          27.4000475,
          -18.2086594
        ]
      },
      "id": "node/2018138103"
    },
    {
      "type": "Feature",
      "properties": {
        "@id": "node/2018138839",
        "name": "Zikamanus",
        "place": "village"
      },
      "geometry": {
        "type": "Point",
        "coordinates": [
          27.9397476,
          -18.2210558
        ]
      },
      "id": "node/2018138839"
    },
    {
      "type": "Feature",
      "properties": {
        "@id": "node/2019153357",
        "name": "Jotsholo",
        "place": "village"
      },
      "geometry": {
        "type": "Point",
        "coordinates": [
          27.556394,
          -18.72005
        ]
      },
      "id": "node/2019153357"
    },
    {
      "type": "Feature",
      "properties": {
        "@id": "node/2019529786",
        "name": "Kamativi",
        "place": "village",
        "population": "7000"
      },
      "geometry": {
        "type": "Point",
        "coordinates": [
          27.0544643,
          -18.3220034
        ]
      },
      "id": "node/2019529786"
    },
    {
      "type": "Feature",
      "properties": {
        "@id": "node/2020285388",
        "note": "Cewali",
        "place": "village"
      },
      "geometry": {
        "type": "Point",
        "coordinates": [
          27.7406397,
          -18.4627424
        ]
      },
      "id": "node/2020285388"
    },
    {
      "type": "Feature",
      "properties": {
        "@id": "node/2020285400",
        "note": "Kana",
        "place": "village"
      },
      "geometry": {
        "type": "Point",
        "coordinates": [
          27.6007263,
          -18.5282806
        ]
      },
      "id": "node/2020285400"
    },
    {
      "type": "Feature",
      "properties": {
        "@id": "node/2022366556",
        "name": "Kana Mission",
        "place": "village"
      },
      "geometry": {
        "type": "Point",
        "coordinates": [
          28.5181343,
          -18.5560859
        ]
      },
      "id": "node/2022366556"
    },
    {
      "type": "Feature",
      "properties": {
        "@id": "node/2026290872",
        "name": "Magunje",
        "place": "town",
        "wikidata": "Q6732538"
      },
      "geometry": {
        "type": "Point",
        "coordinates": [
          29.424115,
          -16.839648
        ]
      },
      "id": "node/2026290872"
    },
    {
      "type": "Feature",
      "properties": {
        "@id": "node/2026290876",
        "name": "Nenyunka",
        "place": "village"
      },
      "geometry": {
        "type": "Point",
        "coordinates": [
          28.2556221,
          -17.4477136
        ]
      },
      "id": "node/2026290876"
    },
    {
      "type": "Feature",
      "properties": {
        "@id": "node/2026291493",
        "fixme": "name",
        "name": "Zomba",
        "place": "village"
      },
      "geometry": {
        "type": "Point",
        "coordinates": [
          28.343601,
          -17.594548
        ]
      },
      "id": "node/2026291493"
    },
    {
      "type": "Feature",
      "properties": {
        "@id": "node/2027807212",
        "name": "Sanyati",
        "place": "town",
        "population": "2918",
        "wikidata": "Q573734"
      },
      "geometry": {
        "type": "Point",
        "coordinates": [
          29.2437123,
          -17.9863854
        ]
      },
      "id": "node/2027807212"
    },
    {
      "type": "Feature",
      "properties": {
        "@id": "node/2029212820",
        "name": "Chakari",
        "place": "town"
      },
      "geometry": {
        "type": "Point",
        "coordinates": [
          29.8442369,
          -18.0810719
        ]
      },
      "id": "node/2029212820"
    },
    {
      "type": "Feature",
      "properties": {
        "@id": "node/2029212821",
        "name": "Gambisa",
        "place": "village"
      },
      "geometry": {
        "type": "Point",
        "coordinates": [
          29.6214164,
          -18.1098534
        ]
      },
      "id": "node/2029212821"
    },
    {
      "type": "Feature",
      "properties": {
        "@id": "node/2029212822",
        "name": "Golden Valley",
        "place": "town"
      },
      "geometry": {
        "type": "Point",
        "coordinates": [
          29.7958704,
          -18.2291438
        ]
      },
      "id": "node/2029212822"
    },
    {
      "type": "Feature",
      "properties": {
        "@id": "node/2029215426",
        "name": "Hombwe",
        "place": "village"
      },
      "geometry": {
        "type": "Point",
        "coordinates": [
          29.7748875,
          -17.6926963
        ]
      },
      "id": "node/2029215426"
    },
    {
      "type": "Feature",
      "properties": {
        "@id": "node/2035227270",
        "name": "Chigaro",
        "place": "village"
      },
      "geometry": {
        "type": "Point",
        "coordinates": [
          29.6889638,
          -17.7668671
        ]
      },
      "id": "node/2035227270"
    },
    {
      "type": "Feature",
      "properties": {
        "@id": "node/2035227271",
        "name": "Madadzi",
        "place": "village",
        "wikidata": "Q6726117"
      },
      "geometry": {
        "type": "Point",
        "coordinates": [
          29.76068,
          -16.904709
        ]
      },
      "id": "node/2035227271"
    },
    {
      "type": "Feature",
      "properties": {
        "@id": "node/2035227273",
        "name": "Murombedzi",
        "place": "town",
        "wikidata": "Q6938828"
      },
      "geometry": {
        "type": "Point",
        "coordinates": [
          30.199914,
          -17.70525
        ]
      },
      "id": "node/2035227273"
    },
    {
      "type": "Feature",
      "properties": {
        "@id": "node/2035227279",
        "name": "Tengwe",
        "place": "village"
      },
      "geometry": {
        "type": "Point",
        "coordinates": [
          29.6120627,
          -17.1247709
        ]
      },
      "id": "node/2035227279"
    },
    {
      "type": "Feature",
      "properties": {
        "@id": "node/2035227577",
        "name": "Zumbara",
        "place": "village"
      },
      "geometry": {
        "type": "Point",
        "coordinates": [
          29.881019,
          -17.6735291
        ]
      },
      "id": "node/2035227577"
    },
    {
      "type": "Feature",
      "properties": {
        "@id": "node/2035734185",
        "name": "Chidamoyo",
        "place": "village"
      },
      "geometry": {
        "type": "Point",
        "coordinates": [
          29.1897226,
          -17.1449245
        ]
      },
      "id": "node/2035734185"
    },
    {
      "type": "Feature",
      "properties": {
        "@id": "node/2039553399",
        "name": "Alaska",
        "name:ta": "அலாஸ்கா",
        "place": "town"
      },
      "geometry": {
        "type": "Point",
        "coordinates": [
          30.0769991,
          -17.3760753
        ]
      },
      "id": "node/2039553399"
    },
    {
      "type": "Feature",
      "properties": {
        "@id": "node/2039854932",
        "name": "Gorodema",
        "place": "village"
      },
      "geometry": {
        "type": "Point",
        "coordinates": [
          28.9042036,
          -17.8546037
        ]
      },
      "id": "node/2039854932"
    },
    {
      "type": "Feature",
      "properties": {
        "@id": "node/2046336651",
        "name": "Kabuyuni Rural Service Center",
        "place": "village"
      },
      "geometry": {
        "type": "Point",
        "coordinates": [
          28.3660373,
          -17.5907143
        ]
      },
      "id": "node/2046336651"
    },
    {
      "type": "Feature",
      "properties": {
        "@id": "node/2058542210",
        "name": "Dandawa",
        "place": "village"
      },
      "geometry": {
        "type": "Point",
        "coordinates": [
          28.8610617,
          -16.7832608
        ]
      },
      "id": "node/2058542210"
    },
    {
      "type": "Feature",
      "properties": {
        "@id": "node/2144877644",
        "name": "Beitbridge",
        "place": "town",
        "population": "41767",
        "wikidata": "Q814922",
        "wikipedia": "en:Beitbridge"
      },
      "geometry": {
        "type": "Point",
        "coordinates": [
          29.9917535,
          -22.1986233
        ]
      },
      "id": "node/2144877644"
    },
    {
      "type": "Feature",
      "properties": {
        "@id": "node/2153397525",
        "amenity": "police",
        "name": "Tuli ZRP",
        "place": "hamlet"
      },
      "geometry": {
        "type": "Point",
        "coordinates": [
          29.2020253,
          -21.9187653
        ]
      },
      "id": "node/2153397525"
    },
    {
      "type": "Feature",
      "properties": {
        "@id": "node/2153397526",
        "name": "Hwali",
        "place": "hamlet"
      },
      "geometry": {
        "type": "Point",
        "coordinates": [
          29.2030739,
          -21.7019535
        ]
      },
      "id": "node/2153397526"
    },
    {
      "type": "Feature",
      "properties": {
        "@id": "node/2191375833",
        "place": "village"
      },
      "geometry": {
        "type": "Point",
        "coordinates": [
          32.2008603,
          -19.3611377
        ]
      },
      "id": "node/2191375833"
    },
    {
      "type": "Feature",
      "properties": {
        "@id": "node/2191375845",
        "place": "village"
      },
      "geometry": {
        "type": "Point",
        "coordinates": [
          32.2101906,
          -19.364349
        ]
      },
      "id": "node/2191375845"
    },
    {
      "type": "Feature",
      "properties": {
        "@id": "node/2194192682",
        "name": "Jerera",
        "place": "town"
      },
      "geometry": {
        "type": "Point",
        "coordinates": [
          31.4470522,
          -20.404996
        ]
      },
      "id": "node/2194192682"
    },
    {
      "type": "Feature",
      "properties": {
        "@id": "node/2238449365",
        "name": "Nyamapanda",
        "place": "town",
        "wikidata": "Q1362149"
      },
      "geometry": {
        "type": "Point",
        "coordinates": [
          32.852848,
          -16.964407
        ]
      },
      "id": "node/2238449365"
    },
    {
      "type": "Feature",
      "properties": {
        "@id": "node/2284631135",
        "place": "town"
      },
      "geometry": {
        "type": "Point",
        "coordinates": [
          32.0205494,
          -16.6344093
        ]
      },
      "id": "node/2284631135"
    },
    {
      "type": "Feature",
      "properties": {
        "@id": "node/2285985957",
        "name": "Mvurwi",
        "place": "town",
        "source": "Site visit",
        "wikidata": "Q6944595"
      },
      "geometry": {
        "type": "Point",
        "coordinates": [
          30.850108,
          -17.027521
        ]
      },
      "id": "node/2285985957"
    },
    {
      "type": "Feature",
      "properties": {
        "@id": "node/2285986018",
        "place": "town"
      },
      "geometry": {
        "type": "Point",
        "coordinates": [
          30.4380331,
          -17.0372418
        ]
      },
      "id": "node/2285986018"
    },
    {
      "type": "Feature",
      "properties": {
        "@id": "node/2288155260",
        "name": "Redcliff",
        "place": "town",
        "population": "32346",
        "wikidata": "Q584001"
      },
      "geometry": {
        "type": "Point",
        "coordinates": [
          29.779494,
          -19.026094
        ]
      },
      "id": "node/2288155260"
    },
    {
      "type": "Feature",
      "properties": {
        "@id": "node/2479033409",
        "name": "Charara",
        "place": "village"
      },
      "geometry": {
        "type": "Point",
        "coordinates": [
          28.9525801,
          -16.5498142
        ]
      },
      "id": "node/2479033409"
    },
    {
      "type": "Feature",
      "properties": {
        "@id": "node/2501411486",
        "name": "Kasama",
        "place": "village"
      },
      "geometry": {
        "type": "Point",
        "coordinates": [
          29.9889787,
          -18.1411881
        ]
      },
      "id": "node/2501411486"
    },
    {
      "type": "Feature",
      "properties": {
        "@id": "node/2543709181",
        "name": "Avoca",
        "place": "village",
        "source": "GNS"
      },
      "geometry": {
        "type": "Point",
        "coordinates": [
          29.5144592,
          -20.8148713
        ]
      },
      "id": "node/2543709181"
    },
    {
      "type": "Feature",
      "properties": {
        "@id": "node/2543718922",
        "place": "village"
      },
      "geometry": {
        "type": "Point",
        "coordinates": [
          29.6067919,
          -20.6226068
        ]
      },
      "id": "node/2543718922"
    },
    {
      "type": "Feature",
      "properties": {
        "@id": "node/2543718925",
        "name": "Mberengwa",
        "place": "village"
      },
      "geometry": {
        "type": "Point",
        "coordinates": [
          29.6340537,
          -20.6331626
        ]
      },
      "id": "node/2543718925"
    },
    {
      "type": "Feature",
      "properties": {
        "@id": "node/2543884067",
        "name": "Shamva",
        "place": "town",
        "population": "10317",
        "source": "GNS",
        "wikidata": "Q606345"
      },
      "geometry": {
        "type": "Point",
        "coordinates": [
          31.5785292,
          -17.3125435
        ]
      },
      "id": "node/2543884067"
    },
    {
      "type": "Feature",
      "properties": {
        "@id": "node/2543906618",
        "place": "hamlet"
      },
      "geometry": {
        "type": "Point",
        "coordinates": [
          31.5593034,
          -17.2838665
        ]
      },
      "id": "node/2543906618"
    },
    {
      "type": "Feature",
      "properties": {
        "@id": "node/2617611732",
        "census": "2012",
        "name": "Epworth",
        "place": "town",
        "population": "152116",
        "wikidata": "Q2084814",
        "wikipedia": "en:Epworth, Zimbabwe"
      },
      "geometry": {
        "type": "Point",
        "coordinates": [
          31.156797,
          -17.8877361
        ]
      },
      "id": "node/2617611732"
    },
    {
      "type": "Feature",
      "properties": {
        "@id": "node/2668444177",
        "name": "Ngundu",
        "place": "village"
      },
      "geometry": {
        "type": "Point",
        "coordinates": [
          30.8008761,
          -20.8015291
        ]
      },
      "id": "node/2668444177"
    },
    {
      "type": "Feature",
      "properties": {
        "@id": "node/2690896474",
        "maxweight": "25",
        "name": "Birchenough Bridge",
        "place": "town",
        "wikidata": "Q865013"
      },
      "geometry": {
        "type": "Point",
        "coordinates": [
          32.3412644,
          -19.9621798
        ]
      },
      "id": "node/2690896474"
    },
    {
      "type": "Feature",
      "properties": {
        "@id": "node/2710595859",
        "name": "Zaka",
        "place": "village",
        "wikidata": "Q144586"
      },
      "geometry": {
        "type": "Point",
        "coordinates": [
          31.463208,
          -20.343217
        ]
      },
      "id": "node/2710595859"
    },
    {
      "type": "Feature",
      "properties": {
        "@id": "node/2712322649",
        "name": "Colleen Bawn",
        "place": "village",
        "population": "2492",
        "wikidata": "Q5146233"
      },
      "geometry": {
        "type": "Point",
        "coordinates": [
          29.213269,
          -21.001
        ]
      },
      "id": "node/2712322649"
    },
    {
      "type": "Feature",
      "properties": {
        "@id": "node/2722866913",
        "name": "Mashoko",
        "place": "village"
      },
      "geometry": {
        "type": "Point",
        "coordinates": [
          31.7508941,
          -20.493384
        ]
      },
      "id": "node/2722866913"
    },
    {
      "type": "Feature",
      "properties": {
        "@id": "node/2728305956",
        "name": "Gaths Mine",
        "place": "village",
        "wikidata": "Q5527401"
      },
      "geometry": {
        "type": "Point",
        "coordinates": [
          30.507296,
          -20.026488
        ]
      },
      "id": "node/2728305956"
    },
    {
      "type": "Feature",
      "properties": {
        "@id": "node/2728320383",
        "name": "King Mine",
        "place": "village"
      },
      "geometry": {
        "type": "Point",
        "coordinates": [
          30.5328333,
          -20.0920031
        ]
      },
      "id": "node/2728320383"
    },
    {
      "type": "Feature",
      "properties": {
        "@id": "node/2728603994",
        "name": "Esigodini",
        "place": "village",
        "wikidata": "Q1367662"
      },
      "geometry": {
        "type": "Point",
        "coordinates": [
          28.939699,
          -20.291794
        ]
      },
      "id": "node/2728603994"
    },
    {
      "type": "Feature",
      "properties": {
        "@id": "node/2739390939",
        "name": "Pagati",
        "place": "village"
      },
      "geometry": {
        "type": "Point",
        "coordinates": [
          28.4918878,
          -20.7491611
        ]
      },
      "id": "node/2739390939"
    },
    {
      "type": "Feature",
      "properties": {
        "@id": "node/2741630313",
        "name": "Stanmore",
        "place": "village"
      },
      "geometry": {
        "type": "Point",
        "coordinates": [
          29.0280883,
          -20.660137
        ]
      },
      "id": "node/2741630313"
    },
    {
      "type": "Feature",
      "properties": {
        "@id": "node/2742433860",
        "name": "Glenclova",
        "place": "village",
        "wikidata": "Q733514"
      },
      "geometry": {
        "type": "Point",
        "coordinates": [
          31.431959,
          -19.973264
        ]
      },
      "id": "node/2742433860"
    },
    {
      "type": "Feature",
      "properties": {
        "@id": "node/2744657117",
        "name": "Lancaster",
        "place": "hamlet"
      },
      "geometry": {
        "type": "Point",
        "coordinates": [
          29.2980242,
          -20.2234651
        ]
      },
      "id": "node/2744657117"
    },
    {
      "type": "Feature",
      "properties": {
        "@id": "node/2749065672",
        "name": "Vanguard Mine",
        "place": "village"
      },
      "geometry": {
        "type": "Point",
        "coordinates": [
          29.914958,
          -20.5433522
        ]
      },
      "id": "node/2749065672"
    },
    {
      "type": "Feature",
      "properties": {
        "@id": "node/2755721515",
        "name": "Empandeni Mission",
        "place": "village"
      },
      "geometry": {
        "type": "Point",
        "coordinates": [
          27.9403997,
          -20.7003202
        ]
      },
      "id": "node/2755721515"
    },
    {
      "type": "Feature",
      "properties": {
        "@id": "node/2777209658",
        "name": "Kezi",
        "place": "village",
        "wikidata": "Q6398584"
      },
      "geometry": {
        "type": "Point",
        "coordinates": [
          28.463871,
          -20.913844
        ]
      },
      "id": "node/2777209658"
    },
    {
      "type": "Feature",
      "properties": {
        "@id": "node/2782762746",
        "name": "Khami Prison",
        "place": "village"
      },
      "geometry": {
        "type": "Point",
        "coordinates": [
          28.3941322,
          -20.0657422
        ]
      },
      "id": "node/2782762746"
    },
    {
      "type": "Feature",
      "properties": {
        "@id": "node/2782974709",
        "name": "Checheche",
        "place": "town"
      },
      "geometry": {
        "type": "Point",
        "coordinates": [
          32.2271979,
          -20.7635571
        ]
      },
      "id": "node/2782974709"
    },
    {
      "type": "Feature",
      "properties": {
        "@id": "node/2783265121",
        "name": "Chibuwe",
        "place": "village"
      },
      "geometry": {
        "type": "Point",
        "coordinates": [
          32.2998145,
          -20.4575207
        ]
      },
      "id": "node/2783265121"
    },
    {
      "type": "Feature",
      "properties": {
        "@id": "node/2783314200",
        "name": "Chibunje",
        "place": "village"
      },
      "geometry": {
        "type": "Point",
        "coordinates": [
          32.3892721,
          -20.5449476
        ]
      },
      "id": "node/2783314200"
    },
    {
      "type": "Feature",
      "properties": {
        "@id": "node/2789904934",
        "name": "Chikore Mission",
        "place": "village"
      },
      "geometry": {
        "type": "Point",
        "coordinates": [
          32.4944133,
          -20.435014
        ]
      },
      "id": "node/2789904934"
    },
    {
      "type": "Feature",
      "properties": {
        "@id": "node/2790388785",
        "alt_name": "Mapangwe Mission",
        "name": "Mapangwe",
        "place": "village"
      },
      "geometry": {
        "type": "Point",
        "coordinates": [
          32.6661823,
          -20.5075779
        ]
      },
      "id": "node/2790388785"
    },
    {
      "type": "Feature",
      "properties": {
        "@id": "node/2791924057",
        "name": "Chako",
        "place": "village"
      },
      "geometry": {
        "type": "Point",
        "coordinates": [
          32.6809123,
          -20.4289101
        ]
      },
      "id": "node/2791924057"
    },
    {
      "type": "Feature",
      "properties": {
        "@id": "node/2791924081",
        "name": "Mount Selinda Mission",
        "place": "village"
      },
      "geometry": {
        "type": "Point",
        "coordinates": [
          32.7083546,
          -20.4239923
        ]
      },
      "id": "node/2791924081"
    },
    {
      "type": "Feature",
      "properties": {
        "@id": "node/2791969801",
        "name": "Tanganda Halt",
        "place": "village"
      },
      "geometry": {
        "type": "Point",
        "coordinates": [
          32.4519262,
          -20.1069309
        ]
      },
      "id": "node/2791969801"
    },
    {
      "type": "Feature",
      "properties": {
        "@id": "node/2792007156",
        "name": "Devure",
        "place": "village"
      },
      "geometry": {
        "type": "Point",
        "coordinates": [
          32.3139962,
          -19.9461895
        ]
      },
      "id": "node/2792007156"
    },
    {
      "type": "Feature",
      "properties": {
        "@id": "node/2792147652",
        "name": "Junction Gate",
        "place": "village",
        "wikidata": "Q10312940"
      },
      "geometry": {
        "type": "Point",
        "coordinates": [
          32.782986,
          -20.158667
        ]
      },
      "id": "node/2792147652"
    },
    {
      "type": "Feature",
      "properties": {
        "@id": "node/2792210580",
        "name": "Landsdowne",
        "place": "village"
      },
      "geometry": {
        "type": "Point",
        "coordinates": [
          32.7174584,
          -20.1953261
        ]
      },
      "id": "node/2792210580"
    },
    {
      "type": "Feature",
      "properties": {
        "@id": "node/2792273706",
        "name": "Mayfield Estate",
        "place": "village"
      },
      "geometry": {
        "type": "Point",
        "coordinates": [
          32.8393272,
          -20.1256124
        ]
      },
      "id": "node/2792273706"
    },
    {
      "type": "Feature",
      "properties": {
        "@id": "node/2792567088",
        "name": "Chikombedzi",
        "place": "village"
      },
      "geometry": {
        "type": "Point",
        "coordinates": [
          31.3202631,
          -21.6777017
        ]
      },
      "id": "node/2792567088"
    },
    {
      "type": "Feature",
      "properties": {
        "@id": "node/2794618959",
        "name": "Ingwizi",
        "place": "village"
      },
      "geometry": {
        "type": "Point",
        "coordinates": [
          27.8702498,
          -21.1212597
        ]
      },
      "id": "node/2794618959"
    },
    {
      "type": "Feature",
      "properties": {
        "@id": "node/2794630949",
        "name": "Raditladi",
        "place": "village"
      },
      "geometry": {
        "type": "Point",
        "coordinates": [
          27.742471,
          -20.9971594
        ]
      },
      "id": "node/2794630949"
    },
    {
      "type": "Feature",
      "properties": {
        "@id": "node/2795745806",
        "name": "Brunapeg",
        "place": "village",
        "wikidata": "Q4978844"
      },
      "geometry": {
        "type": "Point",
        "coordinates": [
          28.027293,
          -21.162672
        ]
      },
      "id": "node/2795745806"
    },
    {
      "type": "Feature",
      "properties": {
        "@id": "node/2795745827",
        "name": "Brunapeg Mission",
        "place": "village"
      },
      "geometry": {
        "type": "Point",
        "coordinates": [
          28.0314054,
          -21.1717574
        ]
      },
      "id": "node/2795745827"
    },
    {
      "type": "Feature",
      "properties": {
        "@id": "node/2795918402",
        "alt_name": "Antelope Mine",
        "name": "Maphisa",
        "place": "village",
        "wikidata": "Q571795"
      },
      "geometry": {
        "type": "Point",
        "coordinates": [
          28.457861,
          -21.066018
        ]
      },
      "id": "node/2795918402"
    },
    {
      "type": "Feature",
      "properties": {
        "@id": "node/2796036698",
        "name": "Tshelanyemba Salvation Army Mission",
        "place": "village"
      },
      "geometry": {
        "type": "Point",
        "coordinates": [
          28.4866868,
          -21.3497967
        ]
      },
      "id": "node/2796036698"
    },
    {
      "type": "Feature",
      "properties": {
        "@id": "node/2796046641",
        "name": "St Joseph's Mission",
        "place": "village"
      },
      "geometry": {
        "type": "Point",
        "coordinates": [
          28.2731245,
          -21.2500538
        ]
      },
      "id": "node/2796046641"
    },
    {
      "type": "Feature",
      "properties": {
        "@id": "node/2807999328",
        "name": "Legion Mine",
        "place": "village"
      },
      "geometry": {
        "type": "Point",
        "coordinates": [
          28.5329526,
          -21.405676
        ]
      },
      "id": "node/2807999328"
    },
    {
      "type": "Feature",
      "properties": {
        "@id": "node/2808005231",
        "name": "Homestead",
        "place": "village"
      },
      "geometry": {
        "type": "Point",
        "coordinates": [
          28.548059,
          -21.2560466
        ]
      },
      "id": "node/2808005231"
    },
    {
      "type": "Feature",
      "properties": {
        "@id": "node/2808517119",
        "name": "Koodoovale",
        "place": "village"
      },
      "geometry": {
        "type": "Point",
        "coordinates": [
          29.039105,
          -20.9885694
        ]
      },
      "id": "node/2808517119"
    },
    {
      "type": "Feature",
      "properties": {
        "@id": "node/2808523270",
        "name": "Guyu",
        "place": "village"
      },
      "geometry": {
        "type": "Point",
        "coordinates": [
          28.9828307,
          -21.381231
        ]
      },
      "id": "node/2808523270"
    },
    {
      "type": "Feature",
      "properties": {
        "@id": "node/2810405903",
        "name": "Buvume Mission",
        "place": "village"
      },
      "geometry": {
        "type": "Point",
        "coordinates": [
          29.1954187,
          -21.4662523
        ]
      },
      "id": "node/2810405903"
    },
    {
      "type": "Feature",
      "properties": {
        "@id": "node/2810618310",
        "name": "Manama Mission",
        "place": "village"
      },
      "geometry": {
        "type": "Point",
        "coordinates": [
          28.992037,
          -21.5586886
        ]
      },
      "id": "node/2810618310"
    },
    {
      "type": "Feature",
      "properties": {
        "@id": "node/2812720116",
        "name": "Zezani Mission",
        "place": "village"
      },
      "geometry": {
        "type": "Point",
        "coordinates": [
          29.4989574,
          -21.6091279
        ]
      },
      "id": "node/2812720116"
    },
    {
      "type": "Feature",
      "properties": {
        "@id": "node/2812797225",
        "name": "Mazunga",
        "place": "village",
        "wikidata": "Q6799035"
      },
      "geometry": {
        "type": "Point",
        "coordinates": [
          29.872337,
          -21.732478
        ]
      },
      "id": "node/2812797225"
    },
    {
      "type": "Feature",
      "properties": {
        "@id": "node/2813200252",
        "name": "Rutenga",
        "place": "village"
      },
      "geometry": {
        "type": "Point",
        "coordinates": [
          30.7274668,
          -21.2327379
        ]
      },
      "id": "node/2813200252"
    },
    {
      "type": "Feature",
      "properties": {
        "@id": "node/2830899297",
        "name": "Swanscoe",
        "place": "hamlet"
      },
      "geometry": {
        "type": "Point",
        "coordinates": [
          30.4875535,
          -21.7249875
        ]
      },
      "id": "node/2830899297"
    },
    {
      "type": "Feature",
      "properties": {
        "@id": "node/2837241639",
        "name": "Chikwarakwara",
        "place": "village"
      },
      "geometry": {
        "type": "Point",
        "coordinates": [
          31.0765665,
          -22.3175762
        ]
      },
      "id": "node/2837241639"
    },
    {
      "type": "Feature",
      "properties": {
        "@id": "node/2837459780",
        "name": "Malipati",
        "place": "village"
      },
      "geometry": {
        "type": "Point",
        "coordinates": [
          31.4159469,
          -22.0724244
        ]
      },
      "id": "node/2837459780"
    },
    {
      "type": "Feature",
      "properties": {
        "@id": "node/2837660530",
        "name": "Dumisa",
        "place": "village"
      },
      "geometry": {
        "type": "Point",
        "coordinates": [
          31.4048873,
          -22.2146252
        ]
      },
      "id": "node/2837660530"
    },
    {
      "type": "Feature",
      "properties": {
        "@id": "node/2839095762",
        "name": "Tsholotsho",
        "place": "town"
      },
      "geometry": {
        "type": "Point",
        "coordinates": [
          27.7570633,
          -19.7662902
        ]
      },
      "id": "node/2839095762"
    },
    {
      "type": "Feature",
      "properties": {
        "@id": "node/2839098271",
        "name": "Dombo",
        "place": "hamlet"
      },
      "geometry": {
        "type": "Point",
        "coordinates": [
          27.7550672,
          -19.7124262
        ]
      },
      "id": "node/2839098271"
    },
    {
      "type": "Feature",
      "properties": {
        "@id": "node/2839120556",
        "name": "Magama Mission",
        "place": "village"
      },
      "geometry": {
        "type": "Point",
        "coordinates": [
          27.826818,
          -19.8198569
        ]
      },
      "id": "node/2839120556"
    },
    {
      "type": "Feature",
      "properties": {
        "@id": "node/2843498668",
        "name": "Queens Mine",
        "place": "village"
      },
      "geometry": {
        "type": "Point",
        "coordinates": [
          28.7531798,
          -19.7996399
        ]
      },
      "id": "node/2843498668"
    },
    {
      "type": "Feature",
      "properties": {
        "@id": "node/2843515183",
        "name": "Turk Mine",
        "place": "village",
        "wikidata": "Q7855007"
      },
      "geometry": {
        "type": "Point",
        "coordinates": [
          28.794679,
          -19.714055
        ]
      },
      "id": "node/2843515183"
    },
    {
      "type": "Feature",
      "properties": {
        "@id": "node/2843532107",
        "name": "Ngwenya Mission",
        "place": "village"
      },
      "geometry": {
        "type": "Point",
        "coordinates": [
          28.8547647,
          -19.9393328
        ]
      },
      "id": "node/2843532107"
    },
    {
      "type": "Feature",
      "properties": {
        "@id": "node/2843581708",
        "name": "David Livingstone Mission",
        "place": "village"
      },
      "geometry": {
        "type": "Point",
        "coordinates": [
          28.8465069,
          -20.0284731
        ]
      },
      "id": "node/2843581708"
    },
    {
      "type": "Feature",
      "properties": {
        "@id": "node/2843730239",
        "name": "Hunts Road Halt",
        "place": "hamlet"
      },
      "geometry": {
        "type": "Point",
        "coordinates": [
          28.7865523,
          -19.7668896
        ]
      },
      "id": "node/2843730239"
    },
    {
      "type": "Feature",
      "properties": {
        "@id": "node/2845417564",
        "name": "Sawmills",
        "place": "village"
      },
      "geometry": {
        "type": "Point",
        "coordinates": [
          28.0412855,
          -19.5851201
        ]
      },
      "id": "node/2845417564"
    },
    {
      "type": "Feature",
      "properties": {
        "@id": "node/2845419699",
        "name": "Ingusi",
        "place": "hamlet"
      },
      "geometry": {
        "type": "Point",
        "coordinates": [
          28.0742758,
          -19.6601426
        ]
      },
      "id": "node/2845419699"
    },
    {
      "type": "Feature",
      "properties": {
        "@id": "node/2845460880",
        "name": "Nyamandhlovu",
        "place": "village",
        "wikidata": "Q7070843"
      },
      "geometry": {
        "type": "Point",
        "coordinates": [
          28.266613,
          -19.85931
        ]
      },
      "id": "node/2845460880"
    },
    {
      "type": "Feature",
      "properties": {
        "@id": "node/2845473212",
        "name": "Lonely Mine",
        "place": "village",
        "wikidata": "Q6671623"
      },
      "geometry": {
        "type": "Point",
        "coordinates": [
          28.748788,
          -19.507837
        ]
      },
      "id": "node/2845473212"
    },
    {
      "type": "Feature",
      "properties": {
        "@id": "node/2845502329",
        "name": "Inyathi Mission",
        "place": "village"
      },
      "geometry": {
        "type": "Point",
        "coordinates": [
          28.8738214,
          -19.6710886
        ]
      },
      "id": "node/2845502329"
    },
    {
      "type": "Feature",
      "properties": {
        "@id": "node/2845532133",
        "name": "Chikwingwizha Seminary",
        "place": "village"
      },
      "geometry": {
        "type": "Point",
        "coordinates": [
          29.9434672,
          -19.5559413
        ]
      },
      "id": "node/2845532133"
    },
    {
      "type": "Feature",
      "properties": {
        "@id": "node/2845535277",
        "name": "Guinea Fowl",
        "place": "village"
      },
      "geometry": {
        "type": "Point",
        "coordinates": [
          29.9360147,
          -19.5282123
        ]
      },
      "id": "node/2845535277"
    },
    {
      "type": "Feature",
      "properties": {
        "@id": "node/2845688444",
        "name": "Hanke Mission",
        "place": "village"
      },
      "geometry": {
        "type": "Point",
        "coordinates": [
          30.1656481,
          -19.643709
        ]
      },
      "id": "node/2845688444"
    },
    {
      "type": "Feature",
      "properties": {
        "@id": "node/2847874516",
        "name": "Msampa Fishing Village",
        "place": "village",
        "population": "200"
      },
      "geometry": {
        "type": "Point",
        "coordinates": [
          28.4068107,
          -16.8442772
        ]
      },
      "id": "node/2847874516"
    },
    {
      "type": "Feature",
      "properties": {
        "@id": "node/2850634853",
        "name": "Hwange Main Camp",
        "place": "village"
      },
      "geometry": {
        "type": "Point",
        "coordinates": [
          26.9553852,
          -18.7320595
        ]
      },
      "id": "node/2850634853"
    },
    {
      "type": "Feature",
      "properties": {
        "@id": "node/2852735432",
        "leisure": "fishing",
        "name": "Kings Camp Fishing Village",
        "place": "hamlet"
      },
      "geometry": {
        "type": "Point",
        "coordinates": [
          28.5406032,
          -16.7386764
        ]
      },
      "id": "node/2852735432"
    },
    {
      "type": "Feature",
      "properties": {
        "@id": "node/2852829824",
        "name": "Holy Cross Mission",
        "place": "village"
      },
      "geometry": {
        "type": "Point",
        "coordinates": [
          30.5769965,
          -19.5687222
        ]
      },
      "id": "node/2852829824"
    },
    {
      "type": "Feature",
      "properties": {
        "@id": "node/2854934169",
        "name": "Fairfield",
        "place": "village"
      },
      "geometry": {
        "type": "Point",
        "coordinates": [
          30.5722539,
          -19.3810749
        ]
      },
      "id": "node/2854934169"
    },
    {
      "type": "Feature",
      "properties": {
        "@id": "node/2855264787",
        "name": "Moyomusante Mission",
        "place": "village"
      },
      "geometry": {
        "type": "Point",
        "coordinates": [
          30.5032998,
          -19.6894637
        ]
      },
      "id": "node/2855264787"
    },
    {
      "type": "Feature",
      "properties": {
        "@id": "node/2857585746",
        "name": "St Joseph's Mission",
        "place": "village"
      },
      "geometry": {
        "type": "Point",
        "coordinates": [
          30.6315537,
          -19.7204405
        ]
      },
      "id": "node/2857585746"
    },
    {
      "type": "Feature",
      "properties": {
        "@id": "node/2859601537",
        "name": "Donga",
        "place": "village"
      },
      "geometry": {
        "type": "Point",
        "coordinates": [
          30.1193152,
          -19.788779
        ]
      },
      "id": "node/2859601537"
    },
    {
      "type": "Feature",
      "properties": {
        "@id": "node/2859676784",
        "name": "Pakame Mission",
        "place": "village"
      },
      "geometry": {
        "type": "Point",
        "coordinates": [
          30.0393778,
          -19.9376787
        ]
      },
      "id": "node/2859676784"
    },
    {
      "type": "Feature",
      "properties": {
        "@id": "node/2861496265",
        "name": "Indiva",
        "place": "hamlet"
      },
      "geometry": {
        "type": "Point",
        "coordinates": [
          30.041718,
          -19.4204034
        ]
      },
      "id": "node/2861496265"
    },
    {
      "type": "Feature",
      "properties": {
        "@id": "node/2861500103",
        "name": "Felixburg",
        "place": "village",
        "wikidata": "Q5442393"
      },
      "geometry": {
        "type": "Point",
        "coordinates": [
          30.844356,
          -19.435871
        ]
      },
      "id": "node/2861500103"
    },
    {
      "type": "Feature",
      "properties": {
        "@id": "node/2861520447",
        "name": "Serima Mission",
        "place": "village"
      },
      "geometry": {
        "type": "Point",
        "coordinates": [
          30.8812028,
          -19.5189599
        ]
      },
      "id": "node/2861520447"
    },
    {
      "type": "Feature",
      "properties": {
        "@id": "node/2861545726",
        "name": "Rufaro Mission",
        "place": "village"
      },
      "geometry": {
        "type": "Point",
        "coordinates": [
          30.8251196,
          -19.5884646
        ]
      },
      "id": "node/2861545726"
    },
    {
      "type": "Feature",
      "properties": {
        "@id": "node/2861550262",
        "name": "Chatsworth",
        "place": "village"
      },
      "geometry": {
        "type": "Point",
        "coordinates": [
          30.8382502,
          -19.6297186
        ]
      },
      "id": "node/2861550262"
    },
    {
      "type": "Feature",
      "properties": {
        "@id": "node/2861697701",
        "name": "Gutu Mission",
        "place": "village"
      },
      "geometry": {
        "type": "Point",
        "coordinates": [
          31.2172005,
          -19.6458133
        ]
      },
      "id": "node/2861697701"
    },
    {
      "type": "Feature",
      "properties": {
        "@id": "node/2861773997",
        "name": "Devure",
        "place": "village"
      },
      "geometry": {
        "type": "Point",
        "coordinates": [
          31.3802261,
          -19.6701354
        ]
      },
      "id": "node/2861773997"
    },
    {
      "type": "Feature",
      "properties": {
        "@id": "node/2861799975",
        "name": "Mutero Mission",
        "place": "village"
      },
      "geometry": {
        "type": "Point",
        "coordinates": [
          31.4304815,
          -19.6348929
        ]
      },
      "id": "node/2861799975"
    },
    {
      "type": "Feature",
      "properties": {
        "@id": "node/2866864196",
        "name": "Robins Camp",
        "place": "village"
      },
      "geometry": {
        "type": "Point",
        "coordinates": [
          25.9859087,
          -18.6286846
        ]
      },
      "id": "node/2866864196"
    },
    {
      "type": "Feature",
      "properties": {
        "@id": "node/2874231583",
        "name": "Old Mutare",
        "place": "village"
      },
      "geometry": {
        "type": "Point",
        "coordinates": [
          32.5844707,
          -18.8865984
        ]
      },
      "id": "node/2874231583"
    },
    {
      "type": "Feature",
      "properties": {
        "@id": "node/2882931917",
        "name": "Mukaro Mission",
        "place": "village"
      },
      "geometry": {
        "type": "Point",
        "coordinates": [
          31.1583322,
          -19.7419599
        ]
      },
      "id": "node/2882931917"
    },
    {
      "type": "Feature",
      "properties": {
        "@id": "node/2882933437",
        "name": "Chikwanda Mission",
        "place": "village"
      },
      "geometry": {
        "type": "Point",
        "coordinates": [
          31.1713042,
          -19.8838321
        ]
      },
      "id": "node/2882933437"
    },
    {
      "type": "Feature",
      "properties": {
        "@id": "node/2885239198",
        "name": "Muzokomba",
        "place": "village"
      },
      "geometry": {
        "type": "Point",
        "coordinates": [
          31.9628041,
          -19.5852831
        ]
      },
      "id": "node/2885239198"
    },
    {
      "type": "Feature",
      "properties": {
        "@id": "node/2886751225",
        "alt_name": "Hot Springs",
        "name": "Hotsprings",
        "place": "village"
      },
      "geometry": {
        "type": "Point",
        "coordinates": [
          32.4712662,
          -19.6534676
        ]
      },
      "id": "node/2886751225"
    },
    {
      "type": "Feature",
      "properties": {
        "@id": "node/2886781563",
        "name": "Chakohwa",
        "place": "village"
      },
      "geometry": {
        "type": "Point",
        "coordinates": [
          32.5184583,
          -19.547923
        ]
      },
      "id": "node/2886781563"
    },
    {
      "type": "Feature",
      "properties": {
        "@id": "node/2886815069",
        "name": "Nhedziwa",
        "place": "village"
      },
      "geometry": {
        "type": "Point",
        "coordinates": [
          32.6523303,
          -19.5542575
        ]
      },
      "id": "node/2886815069"
    },
    {
      "type": "Feature",
      "properties": {
        "@id": "node/2886815175",
        "name": "Mutambara Mission",
        "place": "village"
      },
      "geometry": {
        "type": "Point",
        "coordinates": [
          32.6889693,
          -19.5296868
        ]
      },
      "id": "node/2886815175"
    },
    {
      "type": "Feature",
      "properties": {
        "@id": "node/2898924854",
        "name": "Lukosi",
        "place": "hamlet"
      },
      "geometry": {
        "type": "Point",
        "coordinates": [
          26.4965268,
          -18.4969923
        ]
      },
      "id": "node/2898924854"
    },
    {
      "type": "Feature",
      "properties": {
        "@id": "node/2922301390",
        "name": "Hideaways Nantwich Lodge",
        "place": "village"
      },
      "geometry": {
        "type": "Point",
        "coordinates": [
          25.904433,
          -18.597918
        ]
      },
      "id": "node/2922301390"
    },
    {
      "type": "Feature",
      "properties": {
        "@id": "node/2922427631",
        "name": "Korodziba",
        "place": "village"
      },
      "geometry": {
        "type": "Point",
        "coordinates": [
          26.8623463,
          -19.4593827
        ]
      },
      "id": "node/2922427631"
    },
    {
      "type": "Feature",
      "properties": {
        "@id": "node/2928758132",
        "place": "hamlet"
      },
      "geometry": {
        "type": "Point",
        "coordinates": [
          29.2569974,
          -18.8355112
        ]
      },
      "id": "node/2928758132"
    },
    {
      "type": "Feature",
      "properties": {
        "@id": "node/2928758172",
        "place": "hamlet"
      },
      "geometry": {
        "type": "Point",
        "coordinates": [
          29.8451501,
          -18.8628949
        ]
      },
      "id": "node/2928758172"
    },
    {
      "type": "Feature",
      "properties": {
        "@id": "node/2928758192",
        "place": "hamlet"
      },
      "geometry": {
        "type": "Point",
        "coordinates": [
          29.27377,
          -18.8735922
        ]
      },
      "id": "node/2928758192"
    },
    {
      "type": "Feature",
      "properties": {
        "@id": "node/2928758337",
        "place": "hamlet"
      },
      "geometry": {
        "type": "Point",
        "coordinates": [
          29.1654584,
          -18.8908088
        ]
      },
      "id": "node/2928758337"
    },
    {
      "type": "Feature",
      "properties": {
        "@id": "node/2928758384",
        "place": "hamlet"
      },
      "geometry": {
        "type": "Point",
        "coordinates": [
          29.1574264,
          -18.9099577
        ]
      },
      "id": "node/2928758384"
    },
    {
      "type": "Feature",
      "properties": {
        "@id": "node/2928758516",
        "place": "hamlet"
      },
      "geometry": {
        "type": "Point",
        "coordinates": [
          29.3550417,
          -18.9202118
        ]
      },
      "id": "node/2928758516"
    },
    {
      "type": "Feature",
      "properties": {
        "@id": "node/2928758549",
        "place": "hamlet"
      },
      "geometry": {
        "type": "Point",
        "coordinates": [
          29.3460278,
          -18.9438823
        ]
      },
      "id": "node/2928758549"
    },
    {
      "type": "Feature",
      "properties": {
        "@id": "node/3028263335",
        "capital": "4",
        "name": "Chinhoyi",
        "name:ar": "تشينهوي",
        "name:ru": "Чинхойи",
        "place": "town",
        "population": "56794",
        "wikidata": "Q782743",
        "wikipedia": "en:Chinhoyi"
      },
      "geometry": {
        "type": "Point",
        "coordinates": [
          30.1929353,
          -17.3615308
        ]
      },
      "id": "node/3028263335"
    },
    {
      "type": "Feature",
      "properties": {
        "@id": "node/3028263336",
        "name": "Mhangura",
        "place": "town",
        "population": "2930",
        "wikidata": "Q1926508"
      },
      "geometry": {
        "type": "Point",
        "coordinates": [
          30.162788,
          -16.894452
        ]
      },
      "id": "node/3028263336"
    },
    {
      "type": "Feature",
      "properties": {
        "@id": "node/3049269846",
        "name": "Centenary",
        "place": "town",
        "wikidata": "Q428532"
      },
      "geometry": {
        "type": "Point",
        "coordinates": [
          31.12109,
          -16.730544
        ]
      },
      "id": "node/3049269846"
    },
    {
      "type": "Feature",
      "properties": {
        "@id": "node/3049269847",
        "name": "Chitungwiza",
        "name:en": "Chitungwiza",
        "name:ml": "ചിതുങ്വിസ",
        "name:ru": "Читунгвиза",
        "place": "city",
        "population": "321782",
        "source:population": "French Wikipedia",
        "wikidata": "Q399119"
      },
      "geometry": {
        "type": "Point",
        "coordinates": [
          31.0726737,
          -18.0143462
        ]
      },
      "id": "node/3049269847"
    },
    {
      "type": "Feature",
      "properties": {
        "@id": "node/3049269848",
        "name": "Maryland",
        "place": "village"
      },
      "geometry": {
        "type": "Point",
        "coordinates": [
          30.4929729,
          -17.6503193
        ]
      },
      "id": "node/3049269848"
    },
    {
      "type": "Feature",
      "properties": {
        "@id": "node/3049315880",
        "capital": "4",
        "name": "Lupane",
        "place": "town",
        "population": "1600",
        "wikidata": "Q997614",
        "wikipedia": "en:Lupane District"
      },
      "geometry": {
        "type": "Point",
        "coordinates": [
          27.7728319,
          -18.9346723
        ]
      },
      "id": "node/3049315880"
    },
    {
      "type": "Feature",
      "properties": {
        "@id": "node/3050298101",
        "name": "Mount Darwin",
        "place": "town",
        "wikidata": "Q127792"
      },
      "geometry": {
        "type": "Point",
        "coordinates": [
          31.582812,
          -16.774303
        ]
      },
      "id": "node/3050298101"
    },
    {
      "type": "Feature",
      "properties": {
        "@id": "node/3059729538",
        "name": "Murape",
        "place": "village"
      },
      "geometry": {
        "type": "Point",
        "coordinates": [
          31.1914177,
          -18.0530778
        ]
      },
      "id": "node/3059729538"
    },
    {
      "type": "Feature",
      "properties": {
        "@id": "node/3059729539",
        "name": "Zin'anga",
        "place": "village"
      },
      "geometry": {
        "type": "Point",
        "coordinates": [
          31.1618334,
          -18.0319359
        ]
      },
      "id": "node/3059729539"
    },
    {
      "type": "Feature",
      "properties": {
        "@id": "node/3087284852",
        "name": "Ngomahuru",
        "place": "village"
      },
      "geometry": {
        "type": "Point",
        "coordinates": [
          30.7231547,
          -20.4382872
        ]
      },
      "id": "node/3087284852"
    },
    {
      "type": "Feature",
      "properties": {
        "@id": "node/3088963878",
        "name": "Buhera",
        "place": "town",
        "wikidata": "Q15205658"
      },
      "geometry": {
        "type": "Point",
        "coordinates": [
          31.436503,
          -19.3232387
        ]
      },
      "id": "node/3088963878"
    },
    {
      "type": "Feature",
      "properties": {
        "@id": "node/3089523853",
        "name": "Jichidza Mission",
        "place": "village"
      },
      "geometry": {
        "type": "Point",
        "coordinates": [
          31.2227951,
          -20.2651756
        ]
      },
      "id": "node/3089523853"
    },
    {
      "type": "Feature",
      "properties": {
        "@id": "node/3093040885",
        "name": "Murambinda",
        "place": "town",
        "wikidata": "Q6937305"
      },
      "geometry": {
        "type": "Point",
        "coordinates": [
          31.652365,
          -19.26855
        ]
      },
      "id": "node/3093040885"
    },
    {
      "type": "Feature",
      "properties": {
        "@id": "node/3105864933",
        "name": "Mpumelelo",
        "place": "village"
      },
      "geometry": {
        "type": "Point",
        "coordinates": [
          28.7725979,
          -19.0695051
        ]
      },
      "id": "node/3105864933"
    },
    {
      "type": "Feature",
      "properties": {
        "@id": "node/3109015528",
        "name": "Esibomvu",
        "place": "village"
      },
      "geometry": {
        "type": "Point",
        "coordinates": [
          28.8937292,
          -20.4015744
        ]
      },
      "id": "node/3109015528"
    },
    {
      "type": "Feature",
      "properties": {
        "@id": "node/3156530120",
        "name": "Danga",
        "place": "village"
      },
      "geometry": {
        "type": "Point",
        "coordinates": [
          30.0279045,
          -20.8109049
        ]
      },
      "id": "node/3156530120"
    },
    {
      "type": "Feature",
      "properties": {
        "@id": "node/3170057128",
        "name": "Ndanga Business Centre",
        "place": "hamlet"
      },
      "geometry": {
        "type": "Point",
        "coordinates": [
          31.3123036,
          -20.1757723
        ]
      },
      "id": "node/3170057128"
    },
    {
      "type": "Feature",
      "properties": {
        "@id": "node/3325742589",
        "name": "Gambu",
        "place": "village"
      },
      "geometry": {
        "type": "Point",
        "coordinates": [
          27.6552835,
          -20.0539926
        ]
      },
      "id": "node/3325742589"
    },
    {
      "type": "Feature",
      "properties": {
        "@id": "node/3325809265",
        "name": "Masendu",
        "place": "village"
      },
      "geometry": {
        "type": "Point",
        "coordinates": [
          27.5363061,
          -20.1298593
        ]
      },
      "id": "node/3325809265"
    },
    {
      "type": "Feature",
      "properties": {
        "@id": "node/3325871940",
        "name": "Ndolwane",
        "place": "town"
      },
      "geometry": {
        "type": "Point",
        "coordinates": [
          27.330541,
          -19.9482387
        ]
      },
      "id": "node/3325871940"
    },
    {
      "type": "Feature",
      "properties": {
        "@id": "node/3326041093",
        "name": "Bhutabubili",
        "place": "village"
      },
      "geometry": {
        "type": "Point",
        "coordinates": [
          27.2170344,
          -19.7655499
        ]
      },
      "id": "node/3326041093"
    },
    {
      "type": "Feature",
      "properties": {
        "@id": "node/3594239948",
        "name": "Siakobvu",
        "place": "village"
      },
      "geometry": {
        "type": "Point",
        "coordinates": [
          28.3629726,
          -17.1326463
        ]
      },
      "id": "node/3594239948"
    },
    {
      "type": "Feature",
      "properties": {
        "@id": "node/3615010395",
        "name": "Cross Mabale",
        "place": "village"
      },
      "geometry": {
        "type": "Point",
        "coordinates": [
          27.0350005,
          -18.5707425
        ]
      },
      "id": "node/3615010395"
    },
    {
      "type": "Feature",
      "properties": {
        "@id": "node/3664272595",
        "name": "Selous",
        "place": "village",
        "wikidata": "Q619085"
      },
      "geometry": {
        "type": "Point",
        "coordinates": [
          30.439979,
          -18.075482
        ]
      },
      "id": "node/3664272595"
    },
    {
      "type": "Feature",
      "properties": {
        "@id": "node/3664340805",
        "name": "Battlefields",
        "place": "village",
        "wikidata": "Q4873126"
      },
      "geometry": {
        "type": "Point",
        "coordinates": [
          29.82202,
          -18.604373
        ]
      },
      "id": "node/3664340805"
    },
    {
      "type": "Feature",
      "properties": {
        "@id": "node/3739465685",
        "place": "village"
      },
      "geometry": {
        "type": "Point",
        "coordinates": [
          30.8403217,
          -17.4429866
        ]
      },
      "id": "node/3739465685"
    },
    {
      "type": "Feature",
      "properties": {
        "@id": "node/3739512817",
        "name": "Concession",
        "place": "town"
      },
      "geometry": {
        "type": "Point",
        "coordinates": [
          30.9528236,
          -17.3726721
        ]
      },
      "id": "node/3739512817"
    },
    {
      "type": "Feature",
      "properties": {
        "@id": "node/3739513349",
        "place": "village"
      },
      "geometry": {
        "type": "Point",
        "coordinates": [
          30.8810195,
          -17.4399042
        ]
      },
      "id": "node/3739513349"
    },
    {
      "type": "Feature",
      "properties": {
        "@id": "node/3777107560",
        "name": "Matibi Mission",
        "place": "village"
      },
      "geometry": {
        "type": "Point",
        "coordinates": [
          30.4873004,
          -20.7500478
        ]
      },
      "id": "node/3777107560"
    },
    {
      "type": "Feature",
      "properties": {
        "@id": "node/3802043943",
        "name": "Norton",
        "place": "town",
        "population": "44054",
        "wikidata": "Q994406"
      },
      "geometry": {
        "type": "Point",
        "coordinates": [
          30.695954,
          -17.87454
        ]
      },
      "id": "node/3802043943"
    },
    {
      "type": "Feature",
      "properties": {
        "@id": "node/3828382297",
        "name": "Bannochburn",
        "place": "village"
      },
      "geometry": {
        "type": "Point",
        "coordinates": [
          29.8734247,
          -20.2913556
        ]
      },
      "id": "node/3828382297"
    },
    {
      "type": "Feature",
      "properties": {
        "@id": "node/3828382298",
        "name": "Mberengwa",
        "place": "town",
        "wikidata": "Q1686393"
      },
      "geometry": {
        "type": "Point",
        "coordinates": [
          29.907072,
          -20.477866
        ]
      },
      "id": "node/3828382298"
    },
    {
      "type": "Feature",
      "properties": {
        "@id": "node/3828382299",
        "name": "Mnene Mission",
        "place": "village"
      },
      "geometry": {
        "type": "Point",
        "coordinates": [
          30.0507595,
          -20.6231824
        ]
      },
      "id": "node/3828382299"
    },
    {
      "type": "Feature",
      "properties": {
        "@id": "node/3831328840",
        "place": "village"
      },
      "geometry": {
        "type": "Point",
        "coordinates": [
          31.1198466,
          -20.8539013
        ]
      },
      "id": "node/3831328840"
    },
    {
      "type": "Feature",
      "properties": {
        "@id": "node/3851414254",
        "name": "Juru",
        "place": "town"
      },
      "geometry": {
        "type": "Point",
        "coordinates": [
          31.4719323,
          -17.6787561
        ]
      },
      "id": "node/3851414254"
    },
    {
      "type": "Feature",
      "properties": {
        "@id": "node/3910000479",
        "name": "Lalapansi",
        "place": "village"
      },
      "geometry": {
        "type": "Point",
        "coordinates": [
          30.1812641,
          -19.3385878
        ]
      },
      "id": "node/3910000479"
    },
    {
      "type": "Feature",
      "properties": {
        "@id": "node/3967994826",
        "name": "Mhasvi Village",
        "place": "village"
      },
      "geometry": {
        "type": "Point",
        "coordinates": [
          31.0144191,
          -17.1175372
        ]
      },
      "id": "node/3967994826"
    },
    {
      "type": "Feature",
      "properties": {
        "@id": "node/3967994828",
        "name": "Kanhukamwe Village",
        "place": "village"
      },
      "geometry": {
        "type": "Point",
        "coordinates": [
          31.023752,
          -17.1204375
        ]
      },
      "id": "node/3967994828"
    },
    {
      "type": "Feature",
      "properties": {
        "@id": "node/3986092159",
        "name": "Zvenyika Village",
        "place": "village"
      },
      "geometry": {
        "type": "Point",
        "coordinates": [
          32.008864,
          -19.5970081
        ]
      },
      "id": "node/3986092159"
    },
    {
      "type": "Feature",
      "properties": {
        "@id": "node/4011613742",
        "name": "Blanket Mine",
        "place": "village"
      },
      "geometry": {
        "type": "Point",
        "coordinates": [
          28.9095537,
          -20.860712
        ]
      },
      "id": "node/4011613742"
    },
    {
      "type": "Feature",
      "properties": {
        "@id": "node/4011613743",
        "name": "Filabusi",
        "place": "town",
        "wikidata": "Q5448263"
      },
      "geometry": {
        "type": "Point",
        "coordinates": [
          29.284797,
          -20.535687
        ]
      },
      "id": "node/4011613743"
    },
    {
      "type": "Feature",
      "properties": {
        "@id": "node/4011613744",
        "name": "Fred Mine",
        "place": "village"
      },
      "geometry": {
        "type": "Point",
        "coordinates": [
          29.3136595,
          -20.5150036
        ]
      },
      "id": "node/4011613744"
    },
    {
      "type": "Feature",
      "properties": {
        "@id": "node/4011613745",
        "name": "Irisvale",
        "place": "village"
      },
      "geometry": {
        "type": "Point",
        "coordinates": [
          29.063247,
          -20.5167462
        ]
      },
      "id": "node/4011613745"
    },
    {
      "type": "Feature",
      "properties": {
        "@id": "node/4011613746",
        "name": "Killarney",
        "place": "village"
      },
      "geometry": {
        "type": "Point",
        "coordinates": [
          29.3926399,
          -20.5593708
        ]
      },
      "id": "node/4011613746"
    },
    {
      "type": "Feature",
      "properties": {
        "@id": "node/4011613747",
        "name": "Pangani",
        "place": "village"
      },
      "geometry": {
        "type": "Point",
        "coordinates": [
          29.2702055,
          -20.5832424
        ]
      },
      "id": "node/4011613747"
    },
    {
      "type": "Feature",
      "properties": {
        "@id": "node/4011613748",
        "name": "Vubachikwe Mine",
        "place": "village"
      },
      "geometry": {
        "type": "Point",
        "coordinates": [
          28.9236878,
          -20.8771108
        ]
      },
      "id": "node/4011613748"
    },
    {
      "type": "Feature",
      "properties": {
        "@id": "node/4092359007",
        "name": "Ruwa",
        "place": "town",
        "population": "22038",
        "wikidata": "Q1972938",
        "wikipedia": "en:Ruwa"
      },
      "geometry": {
        "type": "Point",
        "coordinates": [
          31.237093,
          -17.897155
        ]
      },
      "id": "node/4092359007"
    },
    {
      "type": "Feature",
      "properties": {
        "@id": "node/4155841482",
        "capital": "4",
        "name": "Bulawayo",
        "name:ar": "بولاوايو",
        "name:az": "Bulavayo",
        "name:be": "Булавая",
        "name:bg": "Булавейо",
        "name:bn": "বুলাওয়েও",
        "name:de": "Bulawayo",
        "name:el": "Μπουλαουάγιο",
        "name:fa": "بولاوایو",
        "name:he": "בולאוואיו",
        "name:hi": "बुलावायो",
        "name:hy": "Բուլավայո",
        "name:ja": "ブラワヨ",
        "name:ka": "ბულავაიო",
        "name:ko": "불라와요",
        "name:ky": "Булавайо",
        "name:lt": "Bulavajas",
        "name:lv": "Bulavajo",
        "name:ml": "ബുലവായോ",
        "name:mr": "बुलावायो",
        "name:pt": "Bulavaio",
        "name:ru": "Булавайо",
        "name:si": "බුලවායෝ",
        "name:sr": "Булавајо",
        "name:th": "บูลาวาโย",
        "name:uk": "Булавайо",
        "name:ur": "بولاوایو",
        "name:uz": "Bulavayo",
        "name:zh": "布拉瓦约",
        "name:zu": "Bulawayo",
        "place": "city",
        "population": "653337",
        "source:population": "French Wikipedia",
        "wikidata": "Q193250",
        "wikipedia": "en:Bulawayo"
      },
      "geometry": {
        "type": "Point",
        "coordinates": [
          28.5887063,
          -20.1560599
        ]
      },
      "id": "node/4155841482"
    },
    {
      "type": "Feature",
      "properties": {
        "@id": "node/4187991677",
        "name": "Chusya",
        "place": "village"
      },
      "geometry": {
        "type": "Point",
        "coordinates": [
          27.8988941,
          -18.0508857
        ]
      },
      "id": "node/4187991677"
    },
    {
      "type": "Feature",
      "properties": {
        "@id": "node/4222345045",
        "name": "Turf Town",
        "place": "town"
      },
      "geometry": {
        "type": "Point",
        "coordinates": [
          30.2879548,
          -18.6760686
        ]
      },
      "id": "node/4222345045"
    },
    {
      "type": "Feature",
      "properties": {
        "@id": "node/4226449007",
        "name": "Arcturus",
        "place": "town"
      },
      "geometry": {
        "type": "Point",
        "coordinates": [
          31.3161525,
          -17.7830752
        ]
      },
      "id": "node/4226449007"
    },
    {
      "type": "Feature",
      "properties": {
        "@id": "node/4226449008",
        "name": "Goromonzi",
        "place": "town",
        "wikidata": "Q16891782",
        "wikipedia": "en:Goromonzi"
      },
      "geometry": {
        "type": "Point",
        "coordinates": [
          31.376095,
          -17.855435
        ]
      },
      "id": "node/4226449008"
    },
    {
      "type": "Feature",
      "properties": {
        "@id": "node/4226460219",
        "name": "Beatrice",
        "place": "village"
      },
      "geometry": {
        "type": "Point",
        "coordinates": [
          30.8544051,
          -18.2580858
        ]
      },
      "id": "node/4226460219"
    },
    {
      "type": "Feature",
      "properties": {
        "@id": "node/4228607327",
        "name": "Chabumbulukwa",
        "place": "hamlet",
        "source": "\"Red Cross Field Survey\""
      },
      "geometry": {
        "type": "Point",
        "coordinates": [
          27.1224001,
          -17.9899704
        ]
      },
      "id": "node/4228607327"
    },
    {
      "type": "Feature",
      "properties": {
        "@id": "node/4228607328",
        "name": "Fulunga",
        "place": "hamlet",
        "source": "\"Red Cross Field Survey\""
      },
      "geometry": {
        "type": "Point",
        "coordinates": [
          27.14654,
          -18.0023681
        ]
      },
      "id": "node/4228607328"
    },
    {
      "type": "Feature",
      "properties": {
        "@id": "node/4228607329",
        "name": "Kabila",
        "place": "hamlet",
        "source": "\"Red Cross Field Survey\""
      },
      "geometry": {
        "type": "Point",
        "coordinates": [
          27.1335259,
          -18.0123725
        ]
      },
      "id": "node/4228607329"
    },
    {
      "type": "Feature",
      "properties": {
        "@id": "node/4228607330",
        "name": "Kenjobo",
        "place": "hamlet",
        "source": "\"Red Cross Field Survey\""
      },
      "geometry": {
        "type": "Point",
        "coordinates": [
          27.1821827,
          -18.100502
        ]
      },
      "id": "node/4228607330"
    },
    {
      "type": "Feature",
      "properties": {
        "@id": "node/4228607331",
        "name": "Mampata",
        "place": "hamlet",
        "source": "\"Red Cross Field Survey\""
      },
      "geometry": {
        "type": "Point",
        "coordinates": [
          27.1436432,
          -17.9753163
        ]
      },
      "id": "node/4228607331"
    },
    {
      "type": "Feature",
      "properties": {
        "@id": "node/4228607332",
        "name": "Mupambe",
        "place": "hamlet",
        "source": "\"Red Cross Field Survey\""
      },
      "geometry": {
        "type": "Point",
        "coordinates": [
          27.0736805,
          -18.0953544
        ]
      },
      "id": "node/4228607332"
    },
    {
      "type": "Feature",
      "properties": {
        "@id": "node/4228607333",
        "name": "Saba",
        "place": "village",
        "source": "\"Red Cross Field Survey\""
      },
      "geometry": {
        "type": "Point",
        "coordinates": [
          27.1358648,
          -18.0181326
        ]
      },
      "id": "node/4228607333"
    },
    {
      "type": "Feature",
      "properties": {
        "@id": "node/4228607334",
        "name": "Siamusale",
        "place": "hamlet",
        "source": "\"Red Cross Field Survey\""
      },
      "geometry": {
        "type": "Point",
        "coordinates": [
          27.0941565,
          -18.0716114
        ]
      },
      "id": "node/4228607334"
    },
    {
      "type": "Feature",
      "properties": {
        "@id": "node/4228607335",
        "name": "Siamwinde",
        "place": "hamlet",
        "source": "\"Red Cross Field Survey\""
      },
      "geometry": {
        "type": "Point",
        "coordinates": [
          27.280983,
          -17.9077351
        ]
      },
      "id": "node/4228607335"
    },
    {
      "type": "Feature",
      "properties": {
        "@id": "node/4228607336",
        "name": "Sichimvwali",
        "place": "hamlet",
        "source": "\"Red Cross Field Survey\""
      },
      "geometry": {
        "type": "Point",
        "coordinates": [
          27.0619538,
          -18.0980569
        ]
      },
      "id": "node/4228607336"
    },
    {
      "type": "Feature",
      "properties": {
        "@id": "node/4252333208",
        "place": "village"
      },
      "geometry": {
        "type": "Point",
        "coordinates": [
          31.9531304,
          -20.0943979
        ]
      },
      "id": "node/4252333208"
    },
    {
      "type": "Feature",
      "properties": {
        "@id": "node/4252486610",
        "fixme": "name",
        "name": "Nyika Growth Point",
        "place": "town"
      },
      "geometry": {
        "type": "Point",
        "coordinates": [
          31.6032388,
          -20.0099648
        ]
      },
      "id": "node/4252486610"
    },
    {
      "type": "Feature",
      "properties": {
        "@id": "node/4262496355",
        "name": "Cashel",
        "place": "village"
      },
      "geometry": {
        "type": "Point",
        "coordinates": [
          32.7906831,
          -19.5429431
        ]
      },
      "id": "node/4262496355"
    },
    {
      "type": "Feature",
      "properties": {
        "@id": "node/4280021957",
        "name": "Windsor",
        "place": "village"
      },
      "geometry": {
        "type": "Point",
        "coordinates": [
          30.3607341,
          -18.8324972
        ]
      },
      "id": "node/4280021957"
    },
    {
      "type": "Feature",
      "properties": {
        "@id": "node/4280022261",
        "name": "Manyoni Village 9",
        "place": "village"
      },
      "geometry": {
        "type": "Point",
        "coordinates": [
          30.4706483,
          -18.8150928
        ]
      },
      "id": "node/4280022261"
    },
    {
      "type": "Feature",
      "properties": {
        "@id": "node/4280022483",
        "place": "village"
      },
      "geometry": {
        "type": "Point",
        "coordinates": [
          30.4144695,
          -18.8371568
        ]
      },
      "id": "node/4280022483"
    },
    {
      "type": "Feature",
      "properties": {
        "@id": "node/4291422866",
        "name": "Nemauku",
        "place": "village"
      },
      "geometry": {
        "type": "Point",
        "coordinates": [
          31.3664696,
          -20.2813182
        ]
      },
      "id": "node/4291422866"
    },
    {
      "type": "Feature",
      "properties": {
        "@id": "node/4437853734",
        "name": "Eiffel Flats",
        "place": "town",
        "wikidata": "Q5348876"
      },
      "geometry": {
        "type": "Point",
        "coordinates": [
          29.978664,
          -18.310752
        ]
      },
      "id": "node/4437853734"
    },
    {
      "type": "Feature",
      "properties": {
        "@id": "node/4463488303",
        "name": "Shinje Township",
        "place": "village"
      },
      "geometry": {
        "type": "Point",
        "coordinates": [
          30.7256041,
          -16.7055447
        ]
      },
      "id": "node/4463488303"
    },
    {
      "type": "Feature",
      "properties": {
        "@id": "node/4494817625",
        "name": "Mwenezi",
        "place": "village"
      },
      "geometry": {
        "type": "Point",
        "coordinates": [
          30.7275343,
          -21.4230535
        ]
      },
      "id": "node/4494817625"
    },
    {
      "type": "Feature",
      "properties": {
        "@id": "node/4504713999",
        "fixme": "name",
        "name": "Lundi",
        "place": "village"
      },
      "geometry": {
        "type": "Point",
        "coordinates": [
          30.7839968,
          -20.9004143
        ]
      },
      "id": "node/4504713999"
    },
    {
      "type": "Feature",
      "properties": {
        "@id": "node/4508925599",
        "name": "Neshuro",
        "place": "town"
      },
      "geometry": {
        "type": "Point",
        "coordinates": [
          30.6455759,
          -20.9453657
        ]
      },
      "id": "node/4508925599"
    },
    {
      "type": "Feature",
      "properties": {
        "@id": "node/4509144479",
        "name": "Berejena Hosi Yorugare",
        "name:en": "Berejena Mission",
        "place": "village"
      },
      "geometry": {
        "type": "Point",
        "coordinates": [
          30.5743745,
          -20.6351789
        ]
      },
      "id": "node/4509144479"
    },
    {
      "type": "Feature",
      "properties": {
        "@id": "node/4517237894",
        "name": "Shangani Mine",
        "place": "village"
      },
      "geometry": {
        "type": "Point",
        "coordinates": [
          29.2198431,
          -19.6916196
        ]
      },
      "id": "node/4517237894"
    },
    {
      "type": "Feature",
      "properties": {
        "@id": "node/4538241946",
        "name": "Nyanga",
        "place": "town",
        "population": "4850"
      },
      "geometry": {
        "type": "Point",
        "coordinates": [
          32.7375714,
          -18.2327046
        ]
      },
      "id": "node/4538241946"
    },
    {
      "type": "Feature",
      "properties": {
        "@id": "node/4538258188",
        "name": "Troutbeck",
        "place": "village"
      },
      "geometry": {
        "type": "Point",
        "coordinates": [
          32.810825,
          -18.1844491
        ]
      },
      "id": "node/4538258188"
    },
    {
      "type": "Feature",
      "properties": {
        "@id": "node/4541555929",
        "name": "Macheke",
        "place": "town",
        "population": "1888"
      },
      "geometry": {
        "type": "Point",
        "coordinates": [
          31.8471437,
          -18.1453784
        ]
      },
      "id": "node/4541555929"
    },
    {
      "type": "Feature",
      "properties": {
        "@id": "node/4541575825",
        "name": "Bromley",
        "place": "village"
      },
      "geometry": {
        "type": "Point",
        "coordinates": [
          31.3410689,
          -18.0678446
        ]
      },
      "id": "node/4541575825"
    },
    {
      "type": "Feature",
      "properties": {
        "@id": "node/4549077979",
        "name": "Buchwa",
        "place": "village"
      },
      "geometry": {
        "type": "Point",
        "coordinates": [
          30.3793407,
          -20.6080881
        ]
      },
      "id": "node/4549077979"
    },
    {
      "type": "Feature",
      "properties": {
        "@id": "node/4549661945",
        "name": "Mataga",
        "place": "village"
      },
      "geometry": {
        "type": "Point",
        "coordinates": [
          30.1946405,
          -20.843855
        ]
      },
      "id": "node/4549661945"
    },
    {
      "type": "Feature",
      "properties": {
        "@id": "node/4549674355",
        "name": "Musume Mission",
        "place": "village"
      },
      "geometry": {
        "type": "Point",
        "coordinates": [
          30.2303542,
          -20.9081711
        ]
      },
      "id": "node/4549674355"
    },
    {
      "type": "Feature",
      "properties": {
        "@id": "node/4565822136",
        "name": "Mutema",
        "place": "village"
      },
      "geometry": {
        "type": "Point",
        "coordinates": [
          32.3662413,
          -20.1338888
        ]
      },
      "id": "node/4565822136"
    },
    {
      "type": "Feature",
      "properties": {
        "@id": "node/4585302054",
        "name": "Bradza",
        "place": "hamlet"
      },
      "geometry": {
        "type": "Point",
        "coordinates": [
          32.7816098,
          -18.6098061
        ]
      },
      "id": "node/4585302054"
    },
    {
      "type": "Feature",
      "properties": {
        "@id": "node/4585302055",
        "name": "Ngwende",
        "place": "village"
      },
      "geometry": {
        "type": "Point",
        "coordinates": [
          32.7715171,
          -18.6064663
        ]
      },
      "id": "node/4585302055"
    },
    {
      "type": "Feature",
      "properties": {
        "@id": "node/4585302056",
        "name": "Matingo",
        "place": "hamlet"
      },
      "geometry": {
        "type": "Point",
        "coordinates": [
          32.767421,
          -18.6407755
        ]
      },
      "id": "node/4585302056"
    },
    {
      "type": "Feature",
      "properties": {
        "@id": "node/4585302057",
        "name": "Hambira",
        "place": "hamlet"
      },
      "geometry": {
        "type": "Point",
        "coordinates": [
          32.7890573,
          -18.6033674
        ]
      },
      "id": "node/4585302057"
    },
    {
      "type": "Feature",
      "properties": {
        "@id": "node/4585312497",
        "name": "Mutsaka",
        "place": "village"
      },
      "geometry": {
        "type": "Point",
        "coordinates": [
          32.7637591,
          -18.6230487
        ]
      },
      "id": "node/4585312497"
    },
    {
      "type": "Feature",
      "properties": {
        "@id": "node/4585312498",
        "name": "Saruwaka - Gowa",
        "place": "hamlet"
      },
      "geometry": {
        "type": "Point",
        "coordinates": [
          32.7809246,
          -18.6287914
        ]
      },
      "id": "node/4585312498"
    },
    {
      "type": "Feature",
      "properties": {
        "@id": "node/4585324077",
        "name": "Chipunha",
        "place": "village"
      },
      "geometry": {
        "type": "Point",
        "coordinates": [
          32.7839088,
          -18.6204553
        ]
      },
      "id": "node/4585324077"
    },
    {
      "type": "Feature",
      "properties": {
        "@id": "node/4585333740",
        "name": "Chipunha",
        "place": "hamlet"
      },
      "geometry": {
        "type": "Point",
        "coordinates": [
          32.79767,
          -18.6040184
        ]
      },
      "id": "node/4585333740"
    },
    {
      "type": "Feature",
      "properties": {
        "@id": "node/4585343959",
        "name": "Manyonho",
        "place": "village"
      },
      "geometry": {
        "type": "Point",
        "coordinates": [
          32.7668565,
          -18.596649
        ]
      },
      "id": "node/4585343959"
    },
    {
      "type": "Feature",
      "properties": {
        "@id": "node/4586982195",
        "name": "Hauna",
        "place": "town"
      },
      "geometry": {
        "type": "Point",
        "coordinates": [
          32.8479148,
          -18.4939357
        ]
      },
      "id": "node/4586982195"
    },
    {
      "type": "Feature",
      "properties": {
        "@id": "node/4606175926",
        "name": "Nyanyadzi",
        "place": "town"
      },
      "geometry": {
        "type": "Point",
        "coordinates": [
          32.4240827,
          -19.7703802
        ]
      },
      "id": "node/4606175926"
    },
    {
      "type": "Feature",
      "properties": {
        "@id": "node/4606923096",
        "name": "Sadza",
        "place": "town"
      },
      "geometry": {
        "type": "Point",
        "coordinates": [
          31.4526792,
          -18.9015677
        ]
      },
      "id": "node/4606923096"
    },
    {
      "type": "Feature",
      "properties": {
        "@id": "node/4609653240",
        "name": "Towla",
        "place": "hamlet"
      },
      "geometry": {
        "type": "Point",
        "coordinates": [
          29.8902965,
          -21.4336653
        ]
      },
      "id": "node/4609653240"
    },
    {
      "type": "Feature",
      "properties": {
        "@id": "node/4610177159",
        "name": "Silobela",
        "place": "village"
      },
      "geometry": {
        "type": "Point",
        "coordinates": [
          29.1479917,
          -18.9939304
        ]
      },
      "id": "node/4610177159"
    },
    {
      "type": "Feature",
      "properties": {
        "@id": "node/4641892306",
        "name": "Penhalonga",
        "place": "village"
      },
      "geometry": {
        "type": "Point",
        "coordinates": [
          32.6745034,
          -18.8818811
        ]
      },
      "id": "node/4641892306"
    },
    {
      "type": "Feature",
      "properties": {
        "@id": "node/4656248492",
        "name": "Bvute",
        "name:en": "Bvute",
        "place": "village"
      },
      "geometry": {
        "type": "Point",
        "coordinates": [
          29.8054152,
          -20.6730433
        ]
      },
      "id": "node/4656248492"
    },
    {
      "type": "Feature",
      "properties": {
        "@id": "node/4656248493",
        "name": "Mount Belingwe",
        "name:en": "Mount Belingwe",
        "place": "village"
      },
      "geometry": {
        "type": "Point",
        "coordinates": [
          29.9171965,
          -20.6847886
        ]
      },
      "id": "node/4656248493"
    },
    {
      "type": "Feature",
      "properties": {
        "@id": "node/4656258796",
        "name": "Yorks",
        "name:en": "Yorks",
        "place": "village"
      },
      "geometry": {
        "type": "Point",
        "coordinates": [
          29.8425463,
          -20.6315684
        ]
      },
      "id": "node/4656258796"
    },
    {
      "type": "Feature",
      "properties": {
        "@id": "node/4692634343",
        "name": "Mashumbi Pools",
        "place": "town"
      },
      "geometry": {
        "type": "Point",
        "coordinates": [
          30.5562267,
          -16.172988
        ]
      },
      "id": "node/4692634343"
    },
    {
      "type": "Feature",
      "properties": {
        "@id": "node/4692816650",
        "place": "village"
      },
      "geometry": {
        "type": "Point",
        "coordinates": [
          30.6084947,
          -16.601347
        ]
      },
      "id": "node/4692816650"
    },
    {
      "type": "Feature",
      "properties": {
        "@id": "node/4726506497",
        "name": "Mutengezi Farm",
        "place": "hamlet"
      },
      "geometry": {
        "type": "Point",
        "coordinates": [
          30.9952956,
          -16.8289189
        ]
      },
      "id": "node/4726506497"
    },
    {
      "type": "Feature",
      "properties": {
        "@id": "node/4729330108",
        "name": "Manjolo",
        "place": "village"
      },
      "geometry": {
        "type": "Point",
        "coordinates": [
          27.4124798,
          -17.7530135
        ]
      },
      "id": "node/4729330108"
    },
    {
      "type": "Feature",
      "properties": {
        "@id": "node/4795423738",
        "name": "Tegwani Training Institute",
        "place": "village"
      },
      "geometry": {
        "type": "Point",
        "coordinates": [
          27.7612349,
          -20.3874848
        ]
      },
      "id": "node/4795423738"
    },
    {
      "type": "Feature",
      "properties": {
        "@id": "node/4798527129",
        "name": "Birdspring",
        "place": "village"
      },
      "geometry": {
        "type": "Point",
        "coordinates": [
          27.5197461,
          -20.3907406
        ]
      },
      "id": "node/4798527129"
    },
    {
      "type": "Feature",
      "properties": {
        "@id": "node/4799413983",
        "name": "Fort Rixon",
        "place": "hamlet"
      },
      "geometry": {
        "type": "Point",
        "coordinates": [
          29.2612115,
          -20.0177902
        ]
      },
      "id": "node/4799413983"
    },
    {
      "type": "Feature",
      "properties": {
        "@id": "node/4799414259",
        "name": "Riverside",
        "place": "hamlet"
      },
      "geometry": {
        "type": "Point",
        "coordinates": [
          29.4688683,
          -20.0771843
        ]
      },
      "id": "node/4799414259"
    },
    {
      "type": "Feature",
      "properties": {
        "@id": "node/4864466380",
        "name": "Driefontein Mission",
        "place": "village"
      },
      "geometry": {
        "type": "Point",
        "coordinates": [
          30.7123393,
          -19.4191485
        ]
      },
      "id": "node/4864466380"
    },
    {
      "type": "Feature",
      "properties": {
        "@id": "node/4933312804",
        "name": "Manyoni",
        "place": "village"
      },
      "geometry": {
        "type": "Point",
        "coordinates": [
          28.6017841,
          -18.1466266
        ]
      },
      "id": "node/4933312804"
    },
    {
      "type": "Feature",
      "properties": {
        "@id": "node/4947569880",
        "name": "Chireya",
        "place": "town"
      },
      "geometry": {
        "type": "Point",
        "coordinates": [
          28.6032486,
          -17.5492655
        ]
      },
      "id": "node/4947569880"
    },
    {
      "type": "Feature",
      "properties": {
        "@id": "node/4947602731",
        "name": "Nembudziya",
        "place": "town"
      },
      "geometry": {
        "type": "Point",
        "coordinates": [
          29.0082603,
          -17.7188555
        ]
      },
      "id": "node/4947602731"
    },
    {
      "type": "Feature",
      "properties": {
        "@id": "node/4959414768",
        "name": "Nyabira",
        "place": "town"
      },
      "geometry": {
        "type": "Point",
        "coordinates": [
          30.8048272,
          -17.6772883
        ]
      },
      "id": "node/4959414768"
    },
    {
      "type": "Feature",
      "properties": {
        "@id": "node/4964523494",
        "name": "Nyahowe Business Centre",
        "place": "village"
      },
      "geometry": {
        "type": "Point",
        "coordinates": [
          32.3990411,
          -17.9278694
        ]
      },
      "id": "node/4964523494"
    },
    {
      "type": "Feature",
      "properties": {
        "@id": "node/4985737901",
        "name": "Embakwe Mission",
        "place": "village"
      },
      "geometry": {
        "type": "Point",
        "coordinates": [
          27.8215134,
          -20.7774114
        ]
      },
      "id": "node/4985737901"
    },
    {
      "type": "Feature",
      "properties": {
        "@id": "node/5049603607",
        "name": "Mwami",
        "place": "village"
      },
      "geometry": {
        "type": "Point",
        "coordinates": [
          29.7752242,
          -16.6713738
        ]
      },
      "id": "node/5049603607"
    },
    {
      "type": "Feature",
      "properties": {
        "@id": "node/5133702516",
        "name": "Tchoda",
        "place": "village"
      },
      "geometry": {
        "type": "Point",
        "coordinates": [
          28.8973038,
          -17.4054775
        ]
      },
      "id": "node/5133702516"
    },
    {
      "type": "Feature",
      "properties": {
        "@id": "node/5178477306",
        "name": "Mashongwe",
        "place": "village"
      },
      "geometry": {
        "type": "Point",
        "coordinates": [
          29.5419359,
          -16.4401138
        ]
      },
      "id": "node/5178477306"
    },
    {
      "type": "Feature",
      "properties": {
        "@id": "node/5222344449",
        "name": "Chaka",
        "place": "village"
      },
      "geometry": {
        "type": "Point",
        "coordinates": [
          30.693773,
          -19.5182541
        ]
      },
      "id": "node/5222344449"
    },
    {
      "type": "Feature",
      "properties": {
        "@id": "node/5222358813",
        "name": "Dorowa",
        "place": "village"
      },
      "geometry": {
        "type": "Point",
        "coordinates": [
          31.7816556,
          -19.0532345
        ]
      },
      "id": "node/5222358813"
    },
    {
      "type": "Feature",
      "properties": {
        "@id": "node/5223267483",
        "name": "Figtree",
        "place": "village"
      },
      "geometry": {
        "type": "Point",
        "coordinates": [
          28.3287835,
          -20.3677622
        ]
      },
      "id": "node/5223267483"
    },
    {
      "type": "Feature",
      "properties": {
        "@id": "node/5226672362",
        "name": "Chinyanánya",
        "place": "village"
      },
      "geometry": {
        "type": "Point",
        "coordinates": [
          30.920366,
          -19.7111016
        ]
      },
      "id": "node/5226672362"
    },
    {
      "type": "Feature",
      "properties": {
        "@id": "node/5230787576",
        "name": "Banket",
        "place": "town",
        "population": "9641"
      },
      "geometry": {
        "type": "Point",
        "coordinates": [
          30.392518,
          -17.3873576
        ]
      },
      "id": "node/5230787576"
    },
    {
      "type": "Feature",
      "properties": {
        "@id": "node/5259831261",
        "name": "Gokomere Mission",
        "place": "village"
      },
      "geometry": {
        "type": "Point",
        "coordinates": [
          30.775677,
          -19.9523938
        ]
      },
      "id": "node/5259831261"
    },
    {
      "type": "Feature",
      "properties": {
        "@id": "node/5261902918",
        "name": "Nerupiri",
        "place": "village"
      },
      "geometry": {
        "type": "Point",
        "coordinates": [
          31.0325253,
          -19.8469619
        ]
      },
      "id": "node/5261902918"
    },
    {
      "type": "Feature",
      "properties": {
        "@id": "node/5357610634",
        "name": "Guruve",
        "place": "town"
      },
      "geometry": {
        "type": "Point",
        "coordinates": [
          30.7033968,
          -16.659361
        ]
      },
      "id": "node/5357610634"
    },
    {
      "type": "Feature",
      "properties": {
        "@id": "node/5440851032",
        "name": "Dimbiti",
        "place": "village"
      },
      "geometry": {
        "type": "Point",
        "coordinates": [
          31.7763287,
          -18.379747
        ]
      },
      "id": "node/5440851032"
    },
    {
      "type": "Feature",
      "properties": {
        "@id": "node/5486133730",
        "name": "Chinyika",
        "place": "village"
      },
      "geometry": {
        "type": "Point",
        "coordinates": [
          31.4653748,
          -19.5099719
        ]
      },
      "id": "node/5486133730"
    },
    {
      "type": "Feature",
      "properties": {
        "@id": "node/5506154522",
        "name": "Jamba Business Centre",
        "place": "village"
      },
      "geometry": {
        "type": "Point",
        "coordinates": [
          29.5890924,
          -16.4539428
        ]
      },
      "id": "node/5506154522"
    },
    {
      "type": "Feature",
      "properties": {
        "@id": "node/5506170221",
        "name": "Myrlen Farm",
        "place": "hamlet"
      },
      "geometry": {
        "type": "Point",
        "coordinates": [
          29.5590255,
          -16.456504
        ]
      },
      "id": "node/5506170221"
    },
    {
      "type": "Feature",
      "properties": {
        "@id": "node/5554337578",
        "name": "Domboshava Mission",
        "place": "village"
      },
      "geometry": {
        "type": "Point",
        "coordinates": [
          27.6236844,
          -20.4022826
        ]
      },
      "id": "node/5554337578"
    },
    {
      "type": "Feature",
      "properties": {
        "@id": "node/5559799295",
        "name": "Supa",
        "place": "village"
      },
      "geometry": {
        "type": "Point",
        "coordinates": [
          31.3289201,
          -17.4917717
        ]
      },
      "id": "node/5559799295"
    },
    {
      "type": "Feature",
      "properties": {
        "@id": "node/5614929209",
        "name": "Domboshawa",
        "place": "village"
      },
      "geometry": {
        "type": "Point",
        "coordinates": [
          31.1511326,
          -17.620096
        ]
      },
      "id": "node/5614929209"
    },
    {
      "type": "Feature",
      "properties": {
        "@id": "node/5620194591",
        "fixme": "name,village",
        "name": "Murawi",
        "place": "village"
      },
      "geometry": {
        "type": "Point",
        "coordinates": [
          30.5349541,
          -20.8304866
        ]
      },
      "id": "node/5620194591"
    },
    {
      "type": "Feature",
      "properties": {
        "@id": "node/5668560121",
        "name": "Masanga",
        "place": "village"
      },
      "geometry": {
        "type": "Point",
        "coordinates": [
          29.2298387,
          -16.7376363
        ]
      },
      "id": "node/5668560121"
    },
    {
      "type": "Feature",
      "properties": {
        "@id": "node/5694678921",
        "name": "Nyamaropa",
        "place": "village"
      },
      "geometry": {
        "type": "Point",
        "coordinates": [
          32.9526298,
          -17.8609707
        ]
      },
      "id": "node/5694678921"
    },
    {
      "type": "Feature",
      "properties": {
        "@id": "node/5695190751",
        "name": "Chitakatira Growth Point",
        "place": "village"
      },
      "geometry": {
        "type": "Point",
        "coordinates": [
          32.6789859,
          -19.1349134
        ]
      },
      "id": "node/5695190751"
    },
    {
      "type": "Feature",
      "properties": {
        "@id": "node/5712301597",
        "name": "Bangure",
        "place": "village"
      },
      "geometry": {
        "type": "Point",
        "coordinates": [
          31.7604232,
          -19.5340387
        ]
      },
      "id": "node/5712301597"
    },
    {
      "type": "Feature",
      "properties": {
        "@id": "node/5767319660",
        "name": "Piki Village",
        "place": "village"
      },
      "geometry": {
        "type": "Point",
        "coordinates": [
          32.6400739,
          -19.128722
        ]
      },
      "id": "node/5767319660"
    },
    {
      "type": "Feature",
      "properties": {
        "@id": "node/5777231718",
        "name": "Mutasa",
        "place": "town"
      },
      "geometry": {
        "type": "Point",
        "coordinates": [
          32.6491141,
          -18.5558482
        ]
      },
      "id": "node/5777231718"
    },
    {
      "type": "Feature",
      "properties": {
        "@id": "node/5882243547",
        "name": "St.George Business Center",
        "place": "village"
      },
      "geometry": {
        "type": "Point",
        "coordinates": [
          29.5073247,
          -18.6032592
        ]
      },
      "id": "node/5882243547"
    },
    {
      "type": "Feature",
      "properties": {
        "@id": "node/5882243581",
        "name": "Mushangi Business Center",
        "place": "village"
      },
      "geometry": {
        "type": "Point",
        "coordinates": [
          29.4941175,
          -18.6476582
        ]
      },
      "id": "node/5882243581"
    },
    {
      "type": "Feature",
      "properties": {
        "@id": "node/5882243582",
        "name": "Bhamala Business Center",
        "place": "village"
      },
      "geometry": {
        "type": "Point",
        "coordinates": [
          29.5170182,
          -18.5464956
        ]
      },
      "id": "node/5882243582"
    },
    {
      "type": "Feature",
      "properties": {
        "@id": "node/5882244588",
        "name": "Totororo Business Center",
        "place": "village"
      },
      "geometry": {
        "type": "Point",
        "coordinates": [
          29.4825089,
          -18.491799
        ]
      },
      "id": "node/5882244588"
    },
    {
      "type": "Feature",
      "properties": {
        "@id": "node/5882244589",
        "name": "Bee Mine",
        "place": "village"
      },
      "geometry": {
        "type": "Point",
        "coordinates": [
          29.4311821,
          -18.4105027
        ]
      },
      "id": "node/5882244589"
    },
    {
      "type": "Feature",
      "properties": {
        "@id": "node/5882244595",
        "name": "Sidakeni Business Center",
        "place": "village"
      },
      "geometry": {
        "type": "Point",
        "coordinates": [
          29.4707715,
          -18.4446013
        ]
      },
      "id": "node/5882244595"
    },
    {
      "type": "Feature",
      "properties": {
        "@id": "node/5882244648",
        "name": "Zhombe Joel Center",
        "place": "village"
      },
      "geometry": {
        "type": "Point",
        "coordinates": [
          29.348613,
          -18.6759822
        ]
      },
      "id": "node/5882244648"
    },
    {
      "type": "Feature",
      "properties": {
        "@id": "node/5882244649",
        "name": "Zhombe Mission Township",
        "place": "village"
      },
      "geometry": {
        "type": "Point",
        "coordinates": [
          29.3875158,
          -18.6956635
        ]
      },
      "id": "node/5882244649"
    },
    {
      "type": "Feature",
      "properties": {
        "@id": "node/5890510990",
        "name": "Mazhero village",
        "place": "hamlet"
      },
      "geometry": {
        "type": "Point",
        "coordinates": [
          31.1204652,
          -16.0819015
        ]
      },
      "id": "node/5890510990"
    },
    {
      "type": "Feature",
      "properties": {
        "@id": "node/5933172982",
        "description": "Wilderness Camp Guests can choose from lodges, chalets, safari tents or camping",
        "name": "Hippo Pools",
        "phone": "+263 242 783035",
        "place": "village",
        "website": "https://www.hippopools.co.zw/"
      },
      "geometry": {
        "type": "Point",
        "coordinates": [
          31.8699686,
          -17.0699676
        ]
      },
      "id": "node/5933172982"
    },
    {
      "type": "Feature",
      "properties": {
        "@id": "node/6008139869",
        "name": "Zimunya",
        "place": "town"
      },
      "geometry": {
        "type": "Point",
        "coordinates": [
          32.6227748,
          -19.0995423
        ]
      },
      "id": "node/6008139869"
    },
    {
      "type": "Feature",
      "properties": {
        "@id": "node/6049592391",
        "name": "Empress Mine",
        "place": "town"
      },
      "geometry": {
        "type": "Point",
        "coordinates": [
          29.4321584,
          -18.4603557
        ]
      },
      "id": "node/6049592391"
    },
    {
      "type": "Feature",
      "properties": {
        "@id": "node/6049592424",
        "name": "Sitsha Village",
        "place": "village"
      },
      "geometry": {
        "type": "Point",
        "coordinates": [
          29.4046068,
          -18.4960317
        ]
      },
      "id": "node/6049592424"
    },
    {
      "type": "Feature",
      "properties": {
        "@id": "node/6080869394",
        "name": "Venice",
        "place": "village"
      },
      "geometry": {
        "type": "Point",
        "coordinates": [
          29.7651601,
          -18.5049445
        ]
      },
      "id": "node/6080869394"
    },
    {
      "type": "Feature",
      "properties": {
        "@id": "node/6082748234",
        "name": "Makona National Parks HQ",
        "place": "village"
      },
      "geometry": {
        "type": "Point",
        "coordinates": [
          26.9195948,
          -19.3260438
        ]
      },
      "id": "node/6082748234"
    },
    {
      "type": "Feature",
      "properties": {
        "@id": "node/6103393375",
        "name": "Manhondo",
        "place": "village"
      },
      "geometry": {
        "type": "Point",
        "coordinates": [
          31.6324991,
          -16.8015942
        ]
      },
      "id": "node/6103393375"
    },
    {
      "type": "Feature",
      "properties": {
        "@id": "node/6106721689",
        "name": "Tombo",
        "place": "village"
      },
      "geometry": {
        "type": "Point",
        "coordinates": [
          32.8828204,
          -18.0440735
        ]
      },
      "id": "node/6106721689"
    },
    {
      "type": "Feature",
      "properties": {
        "@id": "node/6106721970",
        "name": "Watsomba",
        "place": "village"
      },
      "geometry": {
        "type": "Point",
        "coordinates": [
          32.6322484,
          -18.6868217
        ]
      },
      "id": "node/6106721970"
    },
    {
      "type": "Feature",
      "properties": {
        "@id": "node/6131255549",
        "name": "Sosombe II Village 5",
        "place": "hamlet"
      },
      "geometry": {
        "type": "Point",
        "coordinates": [
          29.5650995,
          -18.6510636
        ]
      },
      "id": "node/6131255549"
    },
    {
      "type": "Feature",
      "properties": {
        "@id": "node/6131255550",
        "name": "Sosombe II Village 4",
        "place": "hamlet"
      },
      "geometry": {
        "type": "Point",
        "coordinates": [
          29.6076608,
          -18.6076315
        ]
      },
      "id": "node/6131255550"
    },
    {
      "type": "Feature",
      "properties": {
        "@id": "node/6131259404",
        "name": "Sandura Township",
        "place": "village"
      },
      "geometry": {
        "type": "Point",
        "coordinates": [
          28.4569609,
          -17.6455812
        ]
      },
      "id": "node/6131259404"
    },
    {
      "type": "Feature",
      "properties": {
        "@id": "node/6131259446",
        "name": "Munyati St Peter's Business Centre",
        "place": "village"
      },
      "geometry": {
        "type": "Point",
        "coordinates": [
          29.5243084,
          -18.4533845
        ]
      },
      "id": "node/6131259446"
    },
    {
      "type": "Feature",
      "properties": {
        "@id": "node/6131259464",
        "name": "Sosombe II Village 3",
        "place": "hamlet"
      },
      "geometry": {
        "type": "Point",
        "coordinates": [
          29.6195644,
          -18.6577777
        ]
      },
      "id": "node/6131259464"
    },
    {
      "type": "Feature",
      "properties": {
        "@id": "node/6131260080",
        "name": "Sosombe II Village 1",
        "place": "hamlet"
      },
      "geometry": {
        "type": "Point",
        "coordinates": [
          29.6004403,
          -18.7696116
        ]
      },
      "id": "node/6131260080"
    },
    {
      "type": "Feature",
      "properties": {
        "@id": "node/6131260092",
        "name": "Sosombe II Ext Village 13",
        "place": "hamlet"
      },
      "geometry": {
        "type": "Point",
        "coordinates": [
          29.7104269,
          -18.7519963
        ]
      },
      "id": "node/6131260092"
    },
    {
      "type": "Feature",
      "properties": {
        "@id": "node/6131260093",
        "name": "Sosombe II Ext Village 12",
        "place": "hamlet"
      },
      "geometry": {
        "type": "Point",
        "coordinates": [
          29.7071198,
          -18.7481598
        ]
      },
      "id": "node/6131260093"
    },
    {
      "type": "Feature",
      "properties": {
        "@id": "node/6131260109",
        "name": "Sosombe II Ext Village 10",
        "place": "hamlet"
      },
      "geometry": {
        "type": "Point",
        "coordinates": [
          29.6962702,
          -18.7401297
        ]
      },
      "id": "node/6131260109"
    },
    {
      "type": "Feature",
      "properties": {
        "@id": "node/6131260116",
        "name": "Sosombe II Ext Village 11",
        "place": "hamlet"
      },
      "geometry": {
        "type": "Point",
        "coordinates": [
          29.6663475,
          -18.7178981
        ]
      },
      "id": "node/6131260116"
    },
    {
      "type": "Feature",
      "properties": {
        "@id": "node/6131260117",
        "name": "Sosombe II Ext Village 9",
        "place": "hamlet"
      },
      "geometry": {
        "type": "Point",
        "coordinates": [
          29.7091555,
          -18.6807948
        ]
      },
      "id": "node/6131260117"
    },
    {
      "type": "Feature",
      "properties": {
        "@id": "node/6131260118",
        "name": "Sosombe II Ext Village 8",
        "place": "hamlet"
      },
      "geometry": {
        "type": "Point",
        "coordinates": [
          29.6747482,
          -18.6854598
        ]
      },
      "id": "node/6131260118"
    },
    {
      "type": "Feature",
      "properties": {
        "@id": "node/6131260119",
        "name": "Sosombe II Ext Village 7",
        "place": "hamlet"
      },
      "geometry": {
        "type": "Point",
        "coordinates": [
          29.6500236,
          -18.6956584
        ]
      },
      "id": "node/6131260119"
    },
    {
      "type": "Feature",
      "properties": {
        "@id": "node/6131260120",
        "name": "Sosombe II Village 2",
        "place": "village"
      },
      "geometry": {
        "type": "Point",
        "coordinates": [
          29.6246982,
          -18.7113235
        ]
      },
      "id": "node/6131260120"
    },
    {
      "type": "Feature",
      "properties": {
        "@id": "node/6144923630",
        "name": "Munyoro Township",
        "place": "village"
      },
      "geometry": {
        "type": "Point",
        "coordinates": [
          31.4656699,
          -18.837968
        ]
      },
      "id": "node/6144923630"
    },
    {
      "type": "Feature",
      "properties": {
        "@id": "node/6165552915",
        "name": "Tiger Reef",
        "place": "village"
      },
      "geometry": {
        "type": "Point",
        "coordinates": [
          29.7114891,
          -18.8799756
        ]
      },
      "id": "node/6165552915"
    },
    {
      "type": "Feature",
      "properties": {
        "@id": "node/6166493933",
        "name": "Bhamala Village",
        "place": "village"
      },
      "geometry": {
        "type": "Point",
        "coordinates": [
          29.5327478,
          -18.5535334
        ]
      },
      "id": "node/6166493933"
    },
    {
      "type": "Feature",
      "properties": {
        "@id": "node/6166493934",
        "name": "Mawundi Village",
        "place": "village"
      },
      "geometry": {
        "type": "Point",
        "coordinates": [
          29.5064718,
          -18.6352373
        ]
      },
      "id": "node/6166493934"
    },
    {
      "type": "Feature",
      "properties": {
        "@id": "node/6166493935",
        "name": "Samambwa Village",
        "place": "village"
      },
      "geometry": {
        "type": "Point",
        "coordinates": [
          29.4508492,
          -18.3308368
        ]
      },
      "id": "node/6166493935"
    },
    {
      "type": "Feature",
      "properties": {
        "@id": "node/6166493936",
        "name": "Mahogo Village \"B\"",
        "place": "village"
      },
      "geometry": {
        "type": "Point",
        "coordinates": [
          29.4404958,
          -18.4509791
        ]
      },
      "id": "node/6166493936"
    },
    {
      "type": "Feature",
      "properties": {
        "@id": "node/6166493937",
        "name": "Mayisa Village",
        "place": "village"
      },
      "geometry": {
        "type": "Point",
        "coordinates": [
          29.423505,
          -18.4202555
        ]
      },
      "id": "node/6166493937"
    },
    {
      "type": "Feature",
      "properties": {
        "@id": "node/6166493938",
        "name": "Paraffin Village",
        "place": "village"
      },
      "geometry": {
        "type": "Point",
        "coordinates": [
          29.4571214,
          -18.4449086
        ]
      },
      "id": "node/6166493938"
    },
    {
      "type": "Feature",
      "properties": {
        "@id": "node/6166493939",
        "name": "Mhondiwa Village",
        "place": "village"
      },
      "geometry": {
        "type": "Point",
        "coordinates": [
          29.4750894,
          -18.4512797
        ]
      },
      "id": "node/6166493939"
    },
    {
      "type": "Feature",
      "properties": {
        "@id": "node/6166493940",
        "name": "Mawela Village",
        "place": "village"
      },
      "geometry": {
        "type": "Point",
        "coordinates": [
          29.4826594,
          -18.5121094
        ]
      },
      "id": "node/6166493940"
    },
    {
      "type": "Feature",
      "properties": {
        "@id": "node/6166493964",
        "name": "Bhoki Village",
        "place": "village"
      },
      "geometry": {
        "type": "Point",
        "coordinates": [
          29.4617101,
          -18.6455729
        ]
      },
      "id": "node/6166493964"
    },
    {
      "type": "Feature",
      "properties": {
        "@id": "node/6166493965",
        "name": "Donjane Village",
        "place": "village"
      },
      "geometry": {
        "type": "Point",
        "coordinates": [
          29.4928363,
          -18.6558108
        ]
      },
      "id": "node/6166493965"
    },
    {
      "type": "Feature",
      "properties": {
        "@id": "node/6166493966",
        "name": "Mahlangu Village",
        "place": "village"
      },
      "geometry": {
        "type": "Point",
        "coordinates": [
          29.396338,
          -18.3787108
        ]
      },
      "id": "node/6166493966"
    },
    {
      "type": "Feature",
      "properties": {
        "@id": "node/6166493967",
        "name": "Mzizi Village",
        "place": "village"
      },
      "geometry": {
        "type": "Point",
        "coordinates": [
          29.3910725,
          -18.3630465
        ]
      },
      "id": "node/6166493967"
    },
    {
      "type": "Feature",
      "properties": {
        "@id": "node/6166493968",
        "name": "Mangwarangwara Village",
        "place": "village"
      },
      "geometry": {
        "type": "Point",
        "coordinates": [
          29.4848666,
          -18.3927636
        ]
      },
      "id": "node/6166493968"
    },
    {
      "type": "Feature",
      "properties": {
        "@id": "node/6166493969",
        "name": "Dhibha Village",
        "place": "village"
      },
      "geometry": {
        "type": "Point",
        "coordinates": [
          29.5300321,
          -18.4331367
        ]
      },
      "id": "node/6166493969"
    },
    {
      "type": "Feature",
      "properties": {
        "@id": "node/6166494285",
        "name": "Chitsiko Village",
        "place": "village"
      },
      "geometry": {
        "type": "Point",
        "coordinates": [
          29.5181627,
          -18.5578136
        ]
      },
      "id": "node/6166494285"
    },
    {
      "type": "Feature",
      "properties": {
        "@id": "node/6166494286",
        "name": "Ndumo Village",
        "place": "village"
      },
      "geometry": {
        "type": "Point",
        "coordinates": [
          29.4946534,
          -18.6251236
        ]
      },
      "id": "node/6166494286"
    },
    {
      "type": "Feature",
      "properties": {
        "@id": "node/6166494287",
        "name": "Mahogo Village \"A\"",
        "place": "village"
      },
      "geometry": {
        "type": "Point",
        "coordinates": [
          29.4423709,
          -18.4436933
        ]
      },
      "id": "node/6166494287"
    },
    {
      "type": "Feature",
      "properties": {
        "@id": "node/6166494288",
        "name": "Nzama Mahogo Village",
        "place": "village"
      },
      "geometry": {
        "type": "Point",
        "coordinates": [
          29.4250888,
          -18.4305226
        ]
      },
      "id": "node/6166494288"
    },
    {
      "type": "Feature",
      "properties": {
        "@id": "node/6166494289",
        "name": "Ndebele Village",
        "place": "village"
      },
      "geometry": {
        "type": "Point",
        "coordinates": [
          29.4620134,
          -18.4161851
        ]
      },
      "id": "node/6166494289"
    },
    {
      "type": "Feature",
      "properties": {
        "@id": "node/6166494290",
        "name": "Mbondiya Village",
        "place": "village"
      },
      "geometry": {
        "type": "Point",
        "coordinates": [
          29.4664459,
          -18.4297829
        ]
      },
      "id": "node/6166494290"
    },
    {
      "type": "Feature",
      "properties": {
        "@id": "node/6166494291",
        "name": "Mubereki Village",
        "place": "village"
      },
      "geometry": {
        "type": "Point",
        "coordinates": [
          29.5304492,
          -18.460374
        ]
      },
      "id": "node/6166494291"
    },
    {
      "type": "Feature",
      "properties": {
        "@id": "node/6166494292",
        "name": "Navata Village",
        "place": "village"
      },
      "geometry": {
        "type": "Point",
        "coordinates": [
          29.4404402,
          -18.5237238
        ]
      },
      "id": "node/6166494292"
    },
    {
      "type": "Feature",
      "properties": {
        "@id": "node/6166494293",
        "name": "Sengezi Village",
        "place": "village"
      },
      "geometry": {
        "type": "Point",
        "coordinates": [
          29.4064203,
          -18.5637071
        ]
      },
      "id": "node/6166494293"
    },
    {
      "type": "Feature",
      "properties": {
        "@id": "node/6166494294",
        "name": "Senkwasi Village",
        "place": "village"
      },
      "geometry": {
        "type": "Point",
        "coordinates": [
          29.4673109,
          -18.585843
        ]
      },
      "id": "node/6166494294"
    },
    {
      "type": "Feature",
      "properties": {
        "@id": "node/6166494295",
        "name": "Manzamunyama Village",
        "place": "village"
      },
      "geometry": {
        "type": "Point",
        "coordinates": [
          29.4309553,
          -18.6231509
        ]
      },
      "id": "node/6166494295"
    },
    {
      "type": "Feature",
      "properties": {
        "@id": "node/6166494296",
        "name": "Bharamasvesve Village",
        "place": "village"
      },
      "geometry": {
        "type": "Point",
        "coordinates": [
          29.3883218,
          -18.6116406
        ]
      },
      "id": "node/6166494296"
    },
    {
      "type": "Feature",
      "properties": {
        "@id": "node/6166494297",
        "name": "Mupora Village",
        "place": "village"
      },
      "geometry": {
        "type": "Point",
        "coordinates": [
          29.3896685,
          -18.3501827
        ]
      },
      "id": "node/6166494297"
    },
    {
      "type": "Feature",
      "properties": {
        "@id": "node/6166494298",
        "name": "Kasawi Village",
        "place": "village"
      },
      "geometry": {
        "type": "Point",
        "coordinates": [
          29.520333,
          -18.4179136
        ]
      },
      "id": "node/6166494298"
    },
    {
      "type": "Feature",
      "properties": {
        "@id": "node/6166815842",
        "name": "Muzvezve II, Village 13",
        "place": "village"
      },
      "geometry": {
        "type": "Point",
        "coordinates": [
          29.6879446,
          -18.6088008
        ]
      },
      "id": "node/6166815842"
    },
    {
      "type": "Feature",
      "properties": {
        "@id": "node/6166822764",
        "name": "Zhombe Joel",
        "place": "town"
      },
      "geometry": {
        "type": "Point",
        "coordinates": [
          29.3466711,
          -18.6785791
        ]
      },
      "id": "node/6166822764"
    },
    {
      "type": "Feature",
      "properties": {
        "@id": "node/6166841959",
        "name": "Champagne",
        "place": "village"
      },
      "geometry": {
        "type": "Point",
        "coordinates": [
          29.3335551,
          -18.6750573
        ]
      },
      "id": "node/6166841959"
    },
    {
      "type": "Feature",
      "properties": {
        "@id": "node/6173543818",
        "name": "Chikutubwe Village 3",
        "place": "village"
      },
      "geometry": {
        "type": "Point",
        "coordinates": [
          30.0715373,
          -19.1378099
        ]
      },
      "id": "node/6173543818"
    },
    {
      "type": "Feature",
      "properties": {
        "@id": "node/6173543994",
        "name": "Chikutubwe Village 4",
        "place": "village"
      },
      "geometry": {
        "type": "Point",
        "coordinates": [
          30.0763418,
          -19.1560059
        ]
      },
      "id": "node/6173543994"
    },
    {
      "type": "Feature",
      "properties": {
        "@id": "node/6173856721",
        "name": "Chikutubwe Village 5",
        "place": "village"
      },
      "geometry": {
        "type": "Point",
        "coordinates": [
          30.0965631,
          -19.147023
        ]
      },
      "id": "node/6173856721"
    },
    {
      "type": "Feature",
      "properties": {
        "@id": "node/6173856779",
        "name": "Chikutubwe Village 2",
        "place": "village"
      },
      "geometry": {
        "type": "Point",
        "coordinates": [
          30.0506222,
          -19.1631373
        ]
      },
      "id": "node/6173856779"
    },
    {
      "type": "Feature",
      "properties": {
        "@id": "node/6173856780",
        "name": "Chikutubwe Village 1",
        "place": "village"
      },
      "geometry": {
        "type": "Point",
        "coordinates": [
          30.0433695,
          -19.1437796
        ]
      },
      "id": "node/6173856780"
    },
    {
      "type": "Feature",
      "properties": {
        "@id": "node/6185466761",
        "name": "Ganyungu",
        "place": "village"
      },
      "geometry": {
        "type": "Point",
        "coordinates": [
          29.1744304,
          -18.0183137
        ]
      },
      "id": "node/6185466761"
    },
    {
      "type": "Feature",
      "properties": {
        "@id": "node/6190470435",
        "name": "St Alberts",
        "place": "town"
      },
      "geometry": {
        "type": "Point",
        "coordinates": [
          31.2806752,
          -16.4783329
        ]
      },
      "id": "node/6190470435"
    },
    {
      "type": "Feature",
      "properties": {
        "@id": "node/6203600872",
        "name": "Manhenga",
        "place": "town"
      },
      "geometry": {
        "type": "Point",
        "coordinates": [
          31.3118237,
          -17.3968025
        ]
      },
      "id": "node/6203600872"
    },
    {
      "type": "Feature",
      "properties": {
        "@id": "node/6203986895",
        "name": "Gwanika",
        "place": "village"
      },
      "geometry": {
        "type": "Point",
        "coordinates": [
          29.2355525,
          -18.2695477
        ]
      },
      "id": "node/6203986895"
    },
    {
      "type": "Feature",
      "properties": {
        "@id": "node/6219192286",
        "name": "Headlands",
        "place": "village",
        "population": "1728"
      },
      "geometry": {
        "type": "Point",
        "coordinates": [
          32.0518735,
          -18.2820059
        ]
      },
      "id": "node/6219192286"
    },
    {
      "type": "Feature",
      "properties": {
        "@id": "node/6304089085",
        "name": "Betera",
        "place": "village"
      },
      "geometry": {
        "type": "Point",
        "coordinates": [
          31.9589892,
          -19.3923119
        ]
      },
      "id": "node/6304089085"
    },
    {
      "type": "Feature",
      "properties": {
        "@id": "node/6344056553",
        "name": "Melsetter Junction",
        "place": "hamlet"
      },
      "geometry": {
        "type": "Point",
        "coordinates": [
          32.6484605,
          -19.531374
        ]
      },
      "id": "node/6344056553"
    },
    {
      "type": "Feature",
      "properties": {
        "@id": "node/6349742498",
        "name": "Machongwe",
        "place": "village"
      },
      "geometry": {
        "type": "Point",
        "coordinates": [
          32.8247851,
          -19.9238305
        ]
      },
      "id": "node/6349742498"
    },
    {
      "type": "Feature",
      "properties": {
        "@id": "node/6386768522",
        "name": "Chinyudze",
        "place": "village"
      },
      "geometry": {
        "type": "Point",
        "coordinates": [
          32.1989268,
          -18.187474
        ]
      },
      "id": "node/6386768522"
    },
    {
      "type": "Feature",
      "properties": {
        "@id": "node/6399045095",
        "name": "Shinja",
        "place": "village"
      },
      "geometry": {
        "type": "Point",
        "coordinates": [
          32.5932628,
          -19.7461685
        ]
      },
      "id": "node/6399045095"
    },
    {
      "type": "Feature",
      "properties": {
        "@id": "node/6413452606",
        "name": "Imbizo Village",
        "place": "village"
      },
      "geometry": {
        "type": "Point",
        "coordinates": [
          28.8303539,
          -20.160891
        ]
      },
      "id": "node/6413452606"
    },
    {
      "type": "Feature",
      "properties": {
        "@id": "node/6467190607",
        "name": "Madzivire",
        "place": "hamlet"
      },
      "geometry": {
        "type": "Point",
        "coordinates": [
          31.7133976,
          -19.3189171
        ]
      },
      "id": "node/6467190607"
    },
    {
      "type": "Feature",
      "properties": {
        "@id": "node/6471822981",
        "name": "Zvavamwena",
        "place": "hamlet"
      },
      "geometry": {
        "type": "Point",
        "coordinates": [
          31.7507357,
          -19.2183886
        ]
      },
      "id": "node/6471822981"
    },
    {
      "type": "Feature",
      "properties": {
        "@id": "node/6471822982",
        "name": "Masocha",
        "place": "hamlet"
      },
      "geometry": {
        "type": "Point",
        "coordinates": [
          31.762915,
          -19.2100278
        ]
      },
      "id": "node/6471822982"
    },
    {
      "type": "Feature",
      "properties": {
        "@id": "node/6471822983",
        "name": "Garawaziva",
        "place": "hamlet"
      },
      "geometry": {
        "type": "Point",
        "coordinates": [
          31.7385565,
          -19.2368573
        ]
      },
      "id": "node/6471822983"
    },
    {
      "type": "Feature",
      "properties": {
        "@id": "node/6471823103",
        "name": "Neshava",
        "place": "village"
      },
      "geometry": {
        "type": "Point",
        "coordinates": [
          31.7199071,
          -19.2292928
        ]
      },
      "id": "node/6471823103"
    },
    {
      "type": "Feature",
      "properties": {
        "@id": "node/6471823104",
        "name": "Chinyanga",
        "place": "hamlet"
      },
      "geometry": {
        "type": "Point",
        "coordinates": [
          31.7055736,
          -19.2393669
        ]
      },
      "id": "node/6471823104"
    },
    {
      "type": "Feature",
      "properties": {
        "@id": "node/6473645761",
        "name": "Kwarire",
        "place": "hamlet"
      },
      "geometry": {
        "type": "Point",
        "coordinates": [
          31.7498891,
          -19.26504
        ]
      },
      "id": "node/6473645761"
    },
    {
      "type": "Feature",
      "properties": {
        "@id": "node/6481840867",
        "name": "Mudinzwa",
        "place": "hamlet"
      },
      "geometry": {
        "type": "Point",
        "coordinates": [
          31.714474,
          -19.306003
        ]
      },
      "id": "node/6481840867"
    },
    {
      "type": "Feature",
      "properties": {
        "@id": "node/6481877967",
        "name": "Mavaire",
        "place": "village"
      },
      "geometry": {
        "type": "Point",
        "coordinates": [
          31.6716737,
          -19.2223446
        ]
      },
      "id": "node/6481877967"
    },
    {
      "type": "Feature",
      "properties": {
        "@id": "node/6481877968",
        "name": "Muchuweni",
        "place": "hamlet"
      },
      "geometry": {
        "type": "Point",
        "coordinates": [
          31.6622181,
          -19.2272108
        ]
      },
      "id": "node/6481877968"
    },
    {
      "type": "Feature",
      "properties": {
        "@id": "node/6481877972",
        "name": "Chipwanyira",
        "place": "hamlet"
      },
      "geometry": {
        "type": "Point",
        "coordinates": [
          31.6755905,
          -19.2421777
        ]
      },
      "id": "node/6481877972"
    },
    {
      "type": "Feature",
      "properties": {
        "@id": "node/6484326724",
        "name": "Munyanyi",
        "place": "village"
      },
      "geometry": {
        "type": "Point",
        "coordinates": [
          31.7366659,
          -19.1564303
        ]
      },
      "id": "node/6484326724"
    },
    {
      "type": "Feature",
      "properties": {
        "@id": "node/6484326725",
        "name": "Chivaku",
        "place": "village"
      },
      "geometry": {
        "type": "Point",
        "coordinates": [
          31.7541485,
          -19.1578932
        ]
      },
      "id": "node/6484326725"
    },
    {
      "type": "Feature",
      "properties": {
        "@id": "node/6484326726",
        "name": "Svova",
        "place": "hamlet"
      },
      "geometry": {
        "type": "Point",
        "coordinates": [
          31.745294,
          -19.1721022
        ]
      },
      "id": "node/6484326726"
    },
    {
      "type": "Feature",
      "properties": {
        "@id": "node/6484326727",
        "name": "Mashinya",
        "place": "hamlet"
      },
      "geometry": {
        "type": "Point",
        "coordinates": [
          31.7469079,
          -19.1772845
        ]
      },
      "id": "node/6484326727"
    },
    {
      "type": "Feature",
      "properties": {
        "@id": "node/6484326728",
        "name": "Mashinyanga",
        "place": "hamlet"
      },
      "geometry": {
        "type": "Point",
        "coordinates": [
          31.7519159,
          -19.194926
        ]
      },
      "id": "node/6484326728"
    },
    {
      "type": "Feature",
      "properties": {
        "@id": "node/6484326729",
        "name": "Chinzou",
        "place": "hamlet"
      },
      "geometry": {
        "type": "Point",
        "coordinates": [
          31.7415731,
          -19.1955129
        ]
      },
      "id": "node/6484326729"
    },
    {
      "type": "Feature",
      "properties": {
        "@id": "node/6484326731",
        "name": "Madya",
        "place": "hamlet"
      },
      "geometry": {
        "type": "Point",
        "coordinates": [
          31.7585972,
          -19.1714832
        ]
      },
      "id": "node/6484326731"
    },
    {
      "type": "Feature",
      "properties": {
        "@id": "node/6484326732",
        "name": "Madume",
        "place": "hamlet"
      },
      "geometry": {
        "type": "Point",
        "coordinates": [
          31.7701843,
          -19.1929148
        ]
      },
      "id": "node/6484326732"
    },
    {
      "type": "Feature",
      "properties": {
        "@id": "node/6484326733",
        "name": "Chawatama",
        "place": "hamlet"
      },
      "geometry": {
        "type": "Point",
        "coordinates": [
          31.7760959,
          -19.1976973
        ]
      },
      "id": "node/6484326733"
    },
    {
      "type": "Feature",
      "properties": {
        "@id": "node/6484326743",
        "name": "Watekama",
        "place": "hamlet"
      },
      "geometry": {
        "type": "Point",
        "coordinates": [
          31.8430715,
          -19.2111003
        ]
      },
      "id": "node/6484326743"
    },
    {
      "type": "Feature",
      "properties": {
        "@id": "node/6484326744",
        "name": "Baswi",
        "place": "hamlet"
      },
      "geometry": {
        "type": "Point",
        "coordinates": [
          31.711997,
          -19.158275
        ]
      },
      "id": "node/6484326744"
    },
    {
      "type": "Feature",
      "properties": {
        "@id": "node/6484326745",
        "name": "Machacha",
        "place": "hamlet"
      },
      "geometry": {
        "type": "Point",
        "coordinates": [
          31.6928294,
          -19.147532
        ]
      },
      "id": "node/6484326745"
    },
    {
      "type": "Feature",
      "properties": {
        "@id": "node/6484326746",
        "name": "Hande",
        "place": "village"
      },
      "geometry": {
        "type": "Point",
        "coordinates": [
          31.7459955,
          -19.1241311
        ]
      },
      "id": "node/6484326746"
    },
    {
      "type": "Feature",
      "properties": {
        "@id": "node/6484326747",
        "name": "Mutawurwa",
        "place": "hamlet"
      },
      "geometry": {
        "type": "Point",
        "coordinates": [
          31.7518769,
          -19.113479
        ]
      },
      "id": "node/6484326747"
    },
    {
      "type": "Feature",
      "properties": {
        "@id": "node/6484326748",
        "alt_name": "Matendera",
        "name": "Matendere",
        "place": "hamlet"
      },
      "geometry": {
        "type": "Point",
        "coordinates": [
          31.6865149,
          -19.0917019
        ]
      },
      "id": "node/6484326748"
    },
    {
      "type": "Feature",
      "properties": {
        "@id": "node/6484326749",
        "name": "Chirinda",
        "place": "hamlet"
      },
      "geometry": {
        "type": "Point",
        "coordinates": [
          31.6757324,
          -19.1009278
        ]
      },
      "id": "node/6484326749"
    },
    {
      "type": "Feature",
      "properties": {
        "@id": "node/6484326750",
        "name": "Mhizha",
        "place": "hamlet"
      },
      "geometry": {
        "type": "Point",
        "coordinates": [
          31.7291055,
          -19.096202
        ]
      },
      "id": "node/6484326750"
    },
    {
      "type": "Feature",
      "properties": {
        "@id": "node/6484326751",
        "name": "Muziti",
        "place": "hamlet"
      },
      "geometry": {
        "type": "Point",
        "coordinates": [
          31.7401176,
          -19.0928749
        ]
      },
      "id": "node/6484326751"
    },
    {
      "type": "Feature",
      "properties": {
        "@id": "node/6484326752",
        "name": "Manjengwa",
        "place": "hamlet"
      },
      "geometry": {
        "type": "Point",
        "coordinates": [
          31.7091069,
          -19.1003793
        ]
      },
      "id": "node/6484326752"
    },
    {
      "type": "Feature",
      "properties": {
        "@id": "node/6484326753",
        "name": "Mahembe",
        "place": "hamlet"
      },
      "geometry": {
        "type": "Point",
        "coordinates": [
          31.7699169,
          -19.0836181
        ]
      },
      "id": "node/6484326753"
    },
    {
      "type": "Feature",
      "properties": {
        "@id": "node/6484326756",
        "name": "Sabi Bridge",
        "place": "hamlet"
      },
      "geometry": {
        "type": "Point",
        "coordinates": [
          31.7861713,
          -19.04701
        ]
      },
      "id": "node/6484326756"
    },
    {
      "type": "Feature",
      "properties": {
        "@id": "node/6484326757",
        "name": "Makarara",
        "place": "hamlet"
      },
      "geometry": {
        "type": "Point",
        "coordinates": [
          31.8335158,
          -19.027619
        ]
      },
      "id": "node/6484326757"
    },
    {
      "type": "Feature",
      "properties": {
        "@id": "node/6484590630",
        "name": "Dzaibva",
        "place": "hamlet"
      },
      "geometry": {
        "type": "Point",
        "coordinates": [
          31.8286919,
          -19.1180748
        ]
      },
      "id": "node/6484590630"
    },
    {
      "type": "Feature",
      "properties": {
        "@id": "node/6484590631",
        "name": "Ganyo",
        "place": "hamlet"
      },
      "geometry": {
        "type": "Point",
        "coordinates": [
          31.9257935,
          -19.1140472
        ]
      },
      "id": "node/6484590631"
    },
    {
      "type": "Feature",
      "properties": {
        "@id": "node/6484590632",
        "name": "Rupfunde",
        "place": "hamlet"
      },
      "geometry": {
        "type": "Point",
        "coordinates": [
          31.9516096,
          -19.153253
        ]
      },
      "id": "node/6484590632"
    },
    {
      "type": "Feature",
      "properties": {
        "@id": "node/6485009742",
        "name": "Mudanda",
        "place": "hamlet"
      },
      "geometry": {
        "type": "Point",
        "coordinates": [
          31.7147253,
          -19.3752445
        ]
      },
      "id": "node/6485009742"
    },
    {
      "type": "Feature",
      "properties": {
        "@id": "node/6485009743",
        "name": "Manhuru",
        "place": "hamlet"
      },
      "geometry": {
        "type": "Point",
        "coordinates": [
          31.751207,
          -19.446651
        ]
      },
      "id": "node/6485009743"
    },
    {
      "type": "Feature",
      "properties": {
        "@id": "node/6485009762",
        "alt_name": "Vhiriri",
        "name": "Viriri",
        "place": "village"
      },
      "geometry": {
        "type": "Point",
        "coordinates": [
          31.7550398,
          -19.3954698
        ]
      },
      "id": "node/6485009762"
    },
    {
      "type": "Feature",
      "properties": {
        "@id": "node/6485009763",
        "name": "Gudo",
        "place": "hamlet"
      },
      "geometry": {
        "type": "Point",
        "coordinates": [
          31.749494,
          -19.4016536
        ]
      },
      "id": "node/6485009763"
    },
    {
      "type": "Feature",
      "properties": {
        "@id": "node/6485009764",
        "name": "Mangoma",
        "place": "hamlet"
      },
      "geometry": {
        "type": "Point",
        "coordinates": [
          31.7516176,
          -19.4090067
        ]
      },
      "id": "node/6485009764"
    },
    {
      "type": "Feature",
      "properties": {
        "@id": "node/6485009773",
        "name": "Fadzamoyo",
        "place": "hamlet"
      },
      "geometry": {
        "type": "Point",
        "coordinates": [
          31.7338305,
          -19.4170298
        ]
      },
      "id": "node/6485009773"
    },
    {
      "type": "Feature",
      "properties": {
        "@id": "node/6485009774",
        "name": "Mubvirwi",
        "place": "hamlet"
      },
      "geometry": {
        "type": "Point",
        "coordinates": [
          31.726771,
          -19.4039763
        ]
      },
      "id": "node/6485009774"
    },
    {
      "type": "Feature",
      "properties": {
        "@id": "node/6486784521",
        "name": "Njarima",
        "place": "hamlet"
      },
      "geometry": {
        "type": "Point",
        "coordinates": [
          31.7051619,
          -19.493779
        ]
      },
      "id": "node/6486784521"
    },
    {
      "type": "Feature",
      "properties": {
        "@id": "node/6486784522",
        "name": "Maweni",
        "place": "hamlet"
      },
      "geometry": {
        "type": "Point",
        "coordinates": [
          31.7609968,
          -19.4786818
        ]
      },
      "id": "node/6486784522"
    },
    {
      "type": "Feature",
      "properties": {
        "@id": "node/6486784527",
        "name": "Chimbudzi",
        "place": "village"
      },
      "geometry": {
        "type": "Point",
        "coordinates": [
          31.8057935,
          -19.4608638
        ]
      },
      "id": "node/6486784527"
    },
    {
      "type": "Feature",
      "properties": {
        "@id": "node/6486784528",
        "name": "Mashandu",
        "place": "hamlet"
      },
      "geometry": {
        "type": "Point",
        "coordinates": [
          31.7609139,
          -19.4650381
        ]
      },
      "id": "node/6486784528"
    },
    {
      "type": "Feature",
      "properties": {
        "@id": "node/6486784529",
        "name": "Mapfungautsi",
        "place": "hamlet"
      },
      "geometry": {
        "type": "Point",
        "coordinates": [
          31.7539076,
          -19.4745919
        ]
      },
      "id": "node/6486784529"
    },
    {
      "type": "Feature",
      "properties": {
        "@id": "node/6486784530",
        "name": "Mawire",
        "place": "hamlet"
      },
      "geometry": {
        "type": "Point",
        "coordinates": [
          31.7701731,
          -19.4781451
        ]
      },
      "id": "node/6486784530"
    },
    {
      "type": "Feature",
      "properties": {
        "@id": "node/6486784531",
        "name": "Utete",
        "place": "hamlet"
      },
      "geometry": {
        "type": "Point",
        "coordinates": [
          31.7959717,
          -19.4529022
        ]
      },
      "id": "node/6486784531"
    },
    {
      "type": "Feature",
      "properties": {
        "@id": "node/6486784532",
        "name": "Matombomaviri",
        "place": "hamlet"
      },
      "geometry": {
        "type": "Point",
        "coordinates": [
          31.7851472,
          -19.44963
        ]
      },
      "id": "node/6486784532"
    },
    {
      "type": "Feature",
      "properties": {
        "@id": "node/6486784533",
        "name": "Mataswa",
        "place": "hamlet"
      },
      "geometry": {
        "type": "Point",
        "coordinates": [
          31.7841602,
          -19.4541723
        ]
      },
      "id": "node/6486784533"
    },
    {
      "type": "Feature",
      "properties": {
        "@id": "node/6486784534",
        "name": "Chifadza",
        "place": "hamlet"
      },
      "geometry": {
        "type": "Point",
        "coordinates": [
          31.7995058,
          -19.4747622
        ]
      },
      "id": "node/6486784534"
    },
    {
      "type": "Feature",
      "properties": {
        "@id": "node/6486784535",
        "name": "Mhaka",
        "place": "hamlet"
      },
      "geometry": {
        "type": "Point",
        "coordinates": [
          31.8038508,
          -19.4714922
        ]
      },
      "id": "node/6486784535"
    },
    {
      "type": "Feature",
      "properties": {
        "@id": "node/6486784536",
        "name": "Masenda",
        "place": "hamlet"
      },
      "geometry": {
        "type": "Point",
        "coordinates": [
          31.8140916,
          -19.4630189
        ]
      },
      "id": "node/6486784536"
    },
    {
      "type": "Feature",
      "properties": {
        "@id": "node/6486784537",
        "name": "Hodero",
        "place": "hamlet"
      },
      "geometry": {
        "type": "Point",
        "coordinates": [
          31.8251638,
          -19.4627761
        ]
      },
      "id": "node/6486784537"
    },
    {
      "type": "Feature",
      "properties": {
        "@id": "node/6486784538",
        "name": "Chiurwi",
        "place": "hamlet"
      },
      "geometry": {
        "type": "Point",
        "coordinates": [
          31.8381161,
          -19.4618335
        ]
      },
      "id": "node/6486784538"
    },
    {
      "type": "Feature",
      "properties": {
        "@id": "node/6486784539",
        "name": "Musendeki",
        "place": "hamlet"
      },
      "geometry": {
        "type": "Point",
        "coordinates": [
          31.8398293,
          -19.4575965
        ]
      },
      "id": "node/6486784539"
    },
    {
      "type": "Feature",
      "properties": {
        "@id": "node/6486784549",
        "name": "Dzapasi",
        "place": "hamlet"
      },
      "geometry": {
        "type": "Point",
        "coordinates": [
          31.8614817,
          -19.4371706
        ]
      },
      "id": "node/6486784549"
    },
    {
      "type": "Feature",
      "properties": {
        "@id": "node/6486784550",
        "name": "Mapfumo",
        "place": "hamlet"
      },
      "geometry": {
        "type": "Point",
        "coordinates": [
          31.8241401,
          -19.4715263
        ]
      },
      "id": "node/6486784550"
    },
    {
      "type": "Feature",
      "properties": {
        "@id": "node/6486784559",
        "name": "Matareke",
        "place": "village"
      },
      "geometry": {
        "type": "Point",
        "coordinates": [
          31.8610453,
          -19.4813187
        ]
      },
      "id": "node/6486784559"
    },
    {
      "type": "Feature",
      "properties": {
        "@id": "node/6486784560",
        "name": "Masasa",
        "place": "hamlet"
      },
      "geometry": {
        "type": "Point",
        "coordinates": [
          31.9198173,
          -19.4988907
        ]
      },
      "id": "node/6486784560"
    },
    {
      "type": "Feature",
      "properties": {
        "@id": "node/6486784562",
        "name": "Chakaza",
        "place": "hamlet"
      },
      "geometry": {
        "type": "Point",
        "coordinates": [
          31.8982874,
          -19.5015847
        ]
      },
      "id": "node/6486784562"
    },
    {
      "type": "Feature",
      "properties": {
        "@id": "node/6486784563",
        "name": "Muchuchu",
        "place": "hamlet"
      },
      "geometry": {
        "type": "Point",
        "coordinates": [
          31.8789155,
          -19.5098469
        ]
      },
      "id": "node/6486784563"
    },
    {
      "type": "Feature",
      "properties": {
        "@id": "node/6486784564",
        "name": "Gotora",
        "place": "hamlet"
      },
      "geometry": {
        "type": "Point",
        "coordinates": [
          31.875431,
          -19.5233897
        ]
      },
      "id": "node/6486784564"
    },
    {
      "type": "Feature",
      "properties": {
        "@id": "node/6486784565",
        "name": "Mushongwe",
        "place": "hamlet"
      },
      "geometry": {
        "type": "Point",
        "coordinates": [
          31.9668026,
          -19.6467053
        ]
      },
      "id": "node/6486784565"
    },
    {
      "type": "Feature",
      "properties": {
        "@id": "node/6486784566",
        "name": "Jongwe",
        "place": "hamlet"
      },
      "geometry": {
        "type": "Point",
        "coordinates": [
          31.8957527,
          -19.5042584
        ]
      },
      "id": "node/6486784566"
    },
    {
      "type": "Feature",
      "properties": {
        "@id": "node/6487307590",
        "name": "Chieza",
        "place": "hamlet"
      },
      "geometry": {
        "type": "Point",
        "coordinates": [
          32.5651933,
          -19.5097272
        ]
      },
      "id": "node/6487307590"
    },
    {
      "type": "Feature",
      "properties": {
        "@id": "node/6487307604",
        "name": "Chikuri",
        "place": "hamlet"
      },
      "geometry": {
        "type": "Point",
        "coordinates": [
          32.6137899,
          -19.523416
        ]
      },
      "id": "node/6487307604"
    },
    {
      "type": "Feature",
      "properties": {
        "@id": "node/6487307605",
        "alt_name": "Mahandarume",
        "name": "Mhandarume",
        "place": "village"
      },
      "geometry": {
        "type": "Point",
        "coordinates": [
          32.587595,
          -19.5231304
        ]
      },
      "id": "node/6487307605"
    },
    {
      "type": "Feature",
      "properties": {
        "@id": "node/6487307606",
        "alt_name": "Wengezi Junction",
        "name": "Wengezi",
        "place": "village"
      },
      "geometry": {
        "type": "Point",
        "coordinates": [
          32.5337308,
          -19.5092995
        ]
      },
      "id": "node/6487307606"
    },
    {
      "type": "Feature",
      "properties": {
        "@id": "node/6487307607",
        "name": "Mukono",
        "place": "hamlet"
      },
      "geometry": {
        "type": "Point",
        "coordinates": [
          32.5493797,
          -19.5108398
        ]
      },
      "id": "node/6487307607"
    },
    {
      "type": "Feature",
      "properties": {
        "@id": "node/6487307608",
        "name": "Neshire",
        "place": "hamlet"
      },
      "geometry": {
        "type": "Point",
        "coordinates": [
          32.505669,
          -19.5638812
        ]
      },
      "id": "node/6487307608"
    },
    {
      "type": "Feature",
      "properties": {
        "@id": "node/6487307610",
        "name": "Chaseyama",
        "place": "village"
      },
      "geometry": {
        "type": "Point",
        "coordinates": [
          32.5009938,
          -19.6097579
        ]
      },
      "id": "node/6487307610"
    },
    {
      "type": "Feature",
      "properties": {
        "@id": "node/6489558208",
        "alt_name": "Mashingaidze-Mabvuregudo",
        "name": "Mashingaidze",
        "place": "village"
      },
      "geometry": {
        "type": "Point",
        "coordinates": [
          31.8141776,
          -19.3587021
        ]
      },
      "id": "node/6489558208"
    },
    {
      "type": "Feature",
      "properties": {
        "@id": "node/6489558214",
        "name": "Svenge-Mabvuregudo",
        "place": "hamlet"
      },
      "geometry": {
        "type": "Point",
        "coordinates": [
          31.8219247,
          -19.34695
        ]
      },
      "id": "node/6489558214"
    },
    {
      "type": "Feature",
      "properties": {
        "@id": "node/6489558215",
        "name": "Wadzenenga",
        "place": "hamlet"
      },
      "geometry": {
        "type": "Point",
        "coordinates": [
          31.7831019,
          -19.3762862
        ]
      },
      "id": "node/6489558215"
    },
    {
      "type": "Feature",
      "properties": {
        "@id": "node/6489558216",
        "name": "Hatinahama",
        "place": "hamlet"
      },
      "geometry": {
        "type": "Point",
        "coordinates": [
          31.7884426,
          -19.3677206
        ]
      },
      "id": "node/6489558216"
    },
    {
      "type": "Feature",
      "properties": {
        "@id": "node/6489558217",
        "name": "Magondo-Mabvuregudo",
        "place": "hamlet"
      },
      "geometry": {
        "type": "Point",
        "coordinates": [
          31.8251977,
          -19.3374474
        ]
      },
      "id": "node/6489558217"
    },
    {
      "type": "Feature",
      "properties": {
        "@id": "node/6489558218",
        "name": "Mabvuregudo",
        "place": "hamlet"
      },
      "geometry": {
        "type": "Point",
        "coordinates": [
          31.8140938,
          -19.3238677
        ]
      },
      "id": "node/6489558218"
    },
    {
      "type": "Feature",
      "properties": {
        "@id": "node/6489558219",
        "name": "Nyashanu Mission",
        "place": "village"
      },
      "geometry": {
        "type": "Point",
        "coordinates": [
          31.8728899,
          -19.2817584
        ]
      },
      "id": "node/6489558219"
    },
    {
      "type": "Feature",
      "properties": {
        "@id": "node/6489558909",
        "name": "Mutauto",
        "place": "hamlet"
      },
      "geometry": {
        "type": "Point",
        "coordinates": [
          31.9644207,
          -19.3053856
        ]
      },
      "id": "node/6489558909"
    },
    {
      "type": "Feature",
      "properties": {
        "@id": "node/6489558910",
        "name": "Mbavara",
        "place": "hamlet"
      },
      "geometry": {
        "type": "Point",
        "coordinates": [
          31.9863547,
          -19.2986613
        ]
      },
      "id": "node/6489558910"
    },
    {
      "type": "Feature",
      "properties": {
        "@id": "node/6489558915",
        "alt_name": "Chipoka",
        "name": "Mumbijo",
        "place": "hamlet"
      },
      "geometry": {
        "type": "Point",
        "coordinates": [
          31.8819712,
          -19.3395006
        ]
      },
      "id": "node/6489558915"
    },
    {
      "type": "Feature",
      "properties": {
        "@id": "node/6489558952",
        "name": "Choto-Nyasha",
        "place": "hamlet"
      },
      "geometry": {
        "type": "Point",
        "coordinates": [
          31.8377881,
          -19.3111949
        ]
      },
      "id": "node/6489558952"
    },
    {
      "type": "Feature",
      "properties": {
        "@id": "node/6489559003",
        "name": "Madambi",
        "place": "hamlet"
      },
      "geometry": {
        "type": "Point",
        "coordinates": [
          31.8600055,
          -19.2738489
        ]
      },
      "id": "node/6489559003"
    },
    {
      "type": "Feature",
      "properties": {
        "@id": "node/6489559004",
        "name": "Rukweza",
        "place": "hamlet"
      },
      "geometry": {
        "type": "Point",
        "coordinates": [
          31.8766703,
          -19.2699503
        ]
      },
      "id": "node/6489559004"
    },
    {
      "type": "Feature",
      "properties": {
        "@id": "node/6489559041",
        "name": "Mukutukutu",
        "place": "hamlet"
      },
      "geometry": {
        "type": "Point",
        "coordinates": [
          31.8464769,
          -19.3186239
        ]
      },
      "id": "node/6489559041"
    },
    {
      "type": "Feature",
      "properties": {
        "@id": "node/6489559178",
        "name": "Chirozva",
        "place": "village"
      },
      "geometry": {
        "type": "Point",
        "coordinates": [
          32.0993943,
          -19.4718583
        ]
      },
      "id": "node/6489559178"
    },
    {
      "type": "Feature",
      "properties": {
        "@id": "node/6489559179",
        "name": "Baravara",
        "place": "village"
      },
      "geometry": {
        "type": "Point",
        "coordinates": [
          32.0027755,
          -19.3662154
        ]
      },
      "id": "node/6489559179"
    },
    {
      "type": "Feature",
      "properties": {
        "@id": "node/6489559180",
        "name": "Kandenga",
        "place": "hamlet"
      },
      "geometry": {
        "type": "Point",
        "coordinates": [
          32.0028075,
          -19.4419177
        ]
      },
      "id": "node/6489559180"
    },
    {
      "type": "Feature",
      "properties": {
        "@id": "node/6489955006",
        "name": "Zvipiripiri",
        "place": "hamlet"
      },
      "geometry": {
        "type": "Point",
        "coordinates": [
          32.1654869,
          -19.3954926
        ]
      },
      "id": "node/6489955006"
    },
    {
      "type": "Feature",
      "properties": {
        "@id": "node/6489955007",
        "name": "Mudawose",
        "place": "hamlet"
      },
      "geometry": {
        "type": "Point",
        "coordinates": [
          32.1509094,
          -19.4517493
        ]
      },
      "id": "node/6489955007"
    },
    {
      "type": "Feature",
      "properties": {
        "@id": "node/6493088757",
        "name": "Murairwa",
        "place": "hamlet"
      },
      "geometry": {
        "type": "Point",
        "coordinates": [
          31.620956,
          -19.3604058
        ]
      },
      "id": "node/6493088757"
    },
    {
      "type": "Feature",
      "properties": {
        "@id": "node/6493088764",
        "name": "Maradzano",
        "place": "hamlet"
      },
      "geometry": {
        "type": "Point",
        "coordinates": [
          31.584794,
          -19.3338868
        ]
      },
      "id": "node/6493088764"
    },
    {
      "type": "Feature",
      "properties": {
        "@id": "node/6498812921",
        "name": "Beacon Hill",
        "place": "village"
      },
      "geometry": {
        "type": "Point",
        "coordinates": [
          32.7089878,
          -20.4860379
        ]
      },
      "id": "node/6498812921"
    },
    {
      "type": "Feature",
      "properties": {
        "@id": "node/6498812981",
        "name": "Gwenzi",
        "place": "village"
      },
      "geometry": {
        "type": "Point",
        "coordinates": [
          32.6598919,
          -20.5329593
        ]
      },
      "id": "node/6498812981"
    },
    {
      "type": "Feature",
      "properties": {
        "@id": "node/6498812982",
        "name": "Jersey",
        "place": "village"
      },
      "geometry": {
        "type": "Point",
        "coordinates": [
          32.6787422,
          -20.5287647
        ]
      },
      "id": "node/6498812982"
    },
    {
      "type": "Feature",
      "properties": {
        "@id": "node/6498819287",
        "name": "Zona",
        "place": "hamlet"
      },
      "geometry": {
        "type": "Point",
        "coordinates": [
          32.7269547,
          -20.4437859
        ]
      },
      "id": "node/6498819287"
    },
    {
      "type": "Feature",
      "properties": {
        "@id": "node/6501136131",
        "name": "Mwangazi",
        "place": "hamlet"
      },
      "geometry": {
        "type": "Point",
        "coordinates": [
          32.4823641,
          -20.5861577
        ]
      },
      "id": "node/6501136131"
    },
    {
      "type": "Feature",
      "properties": {
        "@id": "node/6501136168",
        "name": "Musikavanhu",
        "place": "hamlet"
      },
      "geometry": {
        "type": "Point",
        "coordinates": [
          32.4828738,
          -20.5407583
        ]
      },
      "id": "node/6501136168"
    },
    {
      "type": "Feature",
      "properties": {
        "@id": "node/6501136169",
        "name": "Tuzuka",
        "place": "village"
      },
      "geometry": {
        "type": "Point",
        "coordinates": [
          32.4694198,
          -20.5183926
        ]
      },
      "id": "node/6501136169"
    },
    {
      "type": "Feature",
      "properties": {
        "@id": "node/6501136173",
        "name": "Zamchiya",
        "place": "village"
      },
      "geometry": {
        "type": "Point",
        "coordinates": [
          32.4750496,
          -20.6995411
        ]
      },
      "id": "node/6501136173"
    },
    {
      "type": "Feature",
      "properties": {
        "@id": "node/6507363699",
        "name": "Mpudzi",
        "place": "hamlet"
      },
      "geometry": {
        "type": "Point",
        "coordinates": [
          32.5805862,
          -19.3690916
        ]
      },
      "id": "node/6507363699"
    },
    {
      "type": "Feature",
      "properties": {
        "@id": "node/6507363700",
        "name": "Chimenga",
        "place": "hamlet"
      },
      "geometry": {
        "type": "Point",
        "coordinates": [
          32.57549,
          -19.3810043
        ]
      },
      "id": "node/6507363700"
    },
    {
      "type": "Feature",
      "properties": {
        "@id": "node/6507363703",
        "name": "Muromo",
        "place": "village"
      },
      "geometry": {
        "type": "Point",
        "coordinates": [
          32.5461877,
          -19.3774386
        ]
      },
      "id": "node/6507363703"
    },
    {
      "type": "Feature",
      "properties": {
        "@id": "node/6507363704",
        "name": "Manzinde",
        "place": "hamlet"
      },
      "geometry": {
        "type": "Point",
        "coordinates": [
          32.5470814,
          -19.4054984
        ]
      },
      "id": "node/6507363704"
    },
    {
      "type": "Feature",
      "properties": {
        "@id": "node/6507613799",
        "name": "Murari",
        "place": "hamlet"
      },
      "geometry": {
        "type": "Point",
        "coordinates": [
          32.6550324,
          -19.6237364
        ]
      },
      "id": "node/6507613799"
    },
    {
      "type": "Feature",
      "properties": {
        "@id": "node/6507645280",
        "name": "Dirikwe",
        "place": "hamlet"
      },
      "geometry": {
        "type": "Point",
        "coordinates": [
          32.4089677,
          -19.7987089
        ]
      },
      "id": "node/6507645280"
    },
    {
      "type": "Feature",
      "properties": {
        "@id": "node/6507712902",
        "alt_name": "Neonowhe",
        "name": "Nenowhe",
        "place": "village"
      },
      "geometry": {
        "type": "Point",
        "coordinates": [
          32.4282821,
          -19.7324616
        ]
      },
      "id": "node/6507712902"
    },
    {
      "type": "Feature",
      "properties": {
        "@id": "node/6512041634",
        "alt_name": "Nyanyadzi Mission",
        "name": "St. Patricks",
        "place": "village"
      },
      "geometry": {
        "type": "Point",
        "coordinates": [
          32.4341137,
          -19.7623465
        ]
      },
      "id": "node/6512041634"
    },
    {
      "type": "Feature",
      "properties": {
        "@id": "node/6512657583",
        "name": "Mumera",
        "place": "hamlet"
      },
      "geometry": {
        "type": "Point",
        "coordinates": [
          32.4013725,
          -19.8732435
        ]
      },
      "id": "node/6512657583"
    },
    {
      "type": "Feature",
      "properties": {
        "@id": "node/6512657695",
        "alt_name": "Guryanga",
        "name": "Gudyanga",
        "place": "village"
      },
      "geometry": {
        "type": "Point",
        "coordinates": [
          32.4052045,
          -19.8614536
        ]
      },
      "id": "node/6512657695"
    },
    {
      "type": "Feature",
      "properties": {
        "@id": "node/6512657696",
        "name": "Tonhorai",
        "place": "hamlet"
      },
      "geometry": {
        "type": "Point",
        "coordinates": [
          32.3952078,
          -19.8843673
        ]
      },
      "id": "node/6512657696"
    },
    {
      "type": "Feature",
      "properties": {
        "@id": "node/6512657946",
        "name": "Chikwizi",
        "place": "hamlet"
      },
      "geometry": {
        "type": "Point",
        "coordinates": [
          32.5156337,
          -19.8336913
        ]
      },
      "id": "node/6512657946"
    },
    {
      "type": "Feature",
      "properties": {
        "@id": "node/6512657947",
        "name": "Mhakwe",
        "place": "village"
      },
      "geometry": {
        "type": "Point",
        "coordinates": [
          32.6264029,
          -19.814884
        ]
      },
      "id": "node/6512657947"
    },
    {
      "type": "Feature",
      "properties": {
        "@id": "node/6514285191",
        "alt_name": "Matyashe",
        "name": "Matiashe",
        "place": "hamlet"
      },
      "geometry": {
        "type": "Point",
        "coordinates": [
          32.5433628,
          -19.7672676
        ]
      },
      "id": "node/6514285191"
    },
    {
      "type": "Feature",
      "properties": {
        "@id": "node/6520553685",
        "name": "Chitowa Two Business Center",
        "place": "village"
      },
      "geometry": {
        "type": "Point",
        "coordinates": [
          31.9168676,
          -17.5964204
        ]
      },
      "id": "node/6520553685"
    },
    {
      "type": "Feature",
      "properties": {
        "@id": "node/6522628523",
        "name": "Nemaramba",
        "place": "hamlet"
      },
      "geometry": {
        "type": "Point",
        "coordinates": [
          32.4631627,
          -19.7139046
        ]
      },
      "id": "node/6522628523"
    },
    {
      "type": "Feature",
      "properties": {
        "@id": "node/6530453275",
        "name": "Odzi",
        "place": "village"
      },
      "geometry": {
        "type": "Point",
        "coordinates": [
          32.3893776,
          -18.9602979
        ]
      },
      "id": "node/6530453275"
    },
    {
      "type": "Feature",
      "properties": {
        "@id": "node/6530453281",
        "name": "Arda Transau",
        "place": "town"
      },
      "geometry": {
        "type": "Point",
        "coordinates": [
          32.4264837,
          -18.9929295
        ]
      },
      "id": "node/6530453281"
    },
    {
      "type": "Feature",
      "properties": {
        "@id": "node/6530453282",
        "name": "Grand Reef",
        "place": "village"
      },
      "geometry": {
        "type": "Point",
        "coordinates": [
          32.461284,
          -18.9564023
        ]
      },
      "id": "node/6530453282"
    },
    {
      "type": "Feature",
      "properties": {
        "@id": "node/6533259743",
        "name": "Nemutenzi",
        "place": "hamlet"
      },
      "geometry": {
        "type": "Point",
        "coordinates": [
          32.4747119,
          -19.6459392
        ]
      },
      "id": "node/6533259743"
    },
    {
      "type": "Feature",
      "properties": {
        "@id": "node/6540252411",
        "alt_name": "Zvokvitirwa",
        "name": "Zvokuitirwa",
        "note": "alt_name from 1978 map from Surveyor General of Zimbabwe. I suspect the 'u' was mistaken for a 'v' in someone's handwriting",
        "place": "hamlet"
      },
      "geometry": {
        "type": "Point",
        "coordinates": [
          32.5070754,
          -19.598381
        ]
      },
      "id": "node/6540252411"
    },
    {
      "type": "Feature",
      "properties": {
        "@id": "node/6543209464",
        "name": "Takaengwa",
        "place": "hamlet"
      },
      "geometry": {
        "type": "Point",
        "coordinates": [
          32.5546345,
          -19.7553298
        ]
      },
      "id": "node/6543209464"
    },
    {
      "type": "Feature",
      "properties": {
        "@id": "node/6543222089",
        "name": "Mwarutsa",
        "place": "hamlet"
      },
      "geometry": {
        "type": "Point",
        "coordinates": [
          32.6055801,
          -19.7266148
        ]
      },
      "id": "node/6543222089"
    },
    {
      "type": "Feature",
      "properties": {
        "@id": "node/6543222147",
        "name": "Zimunda",
        "place": "hamlet"
      },
      "geometry": {
        "type": "Point",
        "coordinates": [
          32.5990021,
          -19.754333
        ]
      },
      "id": "node/6543222147"
    },
    {
      "type": "Feature",
      "properties": {
        "@id": "node/6543441990",
        "name": "Nechitima",
        "place": "hamlet"
      },
      "geometry": {
        "type": "Point",
        "coordinates": [
          32.5549712,
          -19.5942479
        ]
      },
      "id": "node/6543441990"
    },
    {
      "type": "Feature",
      "properties": {
        "@id": "node/6543441997",
        "name": "Chizimo",
        "place": "hamlet"
      },
      "geometry": {
        "type": "Point",
        "coordinates": [
          32.5531091,
          -19.5834643
        ]
      },
      "id": "node/6543441997"
    },
    {
      "type": "Feature",
      "properties": {
        "@id": "node/6604718887",
        "name": "Muzarabani Township",
        "place": "town"
      },
      "geometry": {
        "type": "Point",
        "coordinates": [
          30.9939888,
          -16.3918367
        ]
      },
      "id": "node/6604718887"
    },
    {
      "type": "Feature",
      "properties": {
        "@id": "node/6687205285",
        "name": "Nyamuzizi Business Center-Mutoko",
        "place": "village"
      },
      "geometry": {
        "type": "Point",
        "coordinates": [
          32.3557024,
          -17.6291044
        ]
      },
      "id": "node/6687205285"
    },
    {
      "type": "Feature",
      "properties": {
        "@id": "node/6695933184",
        "name": "Sango",
        "old_name": "Vila Salazar",
        "place": "hamlet"
      },
      "geometry": {
        "type": "Point",
        "coordinates": [
          31.6800601,
          -22.06766
        ]
      },
      "id": "node/6695933184"
    },
    {
      "type": "Feature",
      "properties": {
        "@id": "node/6873163774",
        "place": "hamlet"
      },
      "geometry": {
        "type": "Point",
        "coordinates": [
          30.727672,
          -22.2292365
        ]
      },
      "id": "node/6873163774"
    },
    {
      "type": "Feature",
      "properties": {
        "@id": "node/7036631718",
        "name": "Mubaira",
        "place": "village"
      },
      "geometry": {
        "type": "Point",
        "coordinates": [
          30.5935013,
          -18.3226497
        ]
      },
      "id": "node/7036631718"
    },
    {
      "type": "Feature",
      "properties": {
        "@id": "node/7041812582",
        "name": "Loreto Mission",
        "place": "village"
      },
      "geometry": {
        "type": "Point",
        "coordinates": [
          29.3052042,
          -18.997074
        ]
      },
      "id": "node/7041812582"
    },
    {
      "type": "Feature",
      "properties": {
        "@id": "node/7041854361",
        "name": "Masoro Turnoff Township",
        "place": "hamlet"
      },
      "geometry": {
        "type": "Point",
        "coordinates": [
          29.3975472,
          -18.4579641
        ]
      },
      "id": "node/7041854361"
    },
    {
      "type": "Feature",
      "properties": {
        "@id": "node/7080319202",
        "name": "Donain",
        "place": "village"
      },
      "geometry": {
        "type": "Point",
        "coordinates": [
          29.6286732,
          -18.5079509
        ]
      },
      "id": "node/7080319202"
    },
    {
      "type": "Feature",
      "properties": {
        "@id": "node/7115183250",
        "name": "Cement",
        "place": "village"
      },
      "geometry": {
        "type": "Point",
        "coordinates": [
          28.6888218,
          -20.1211339
        ]
      },
      "id": "node/7115183250"
    },
    {
      "type": "Feature",
      "properties": {
        "@id": "node/7116570079",
        "name": "Chimkomba",
        "place": "village"
      },
      "geometry": {
        "type": "Point",
        "coordinates": [
          30.9879128,
          -18.7171665
        ]
      },
      "id": "node/7116570079"
    },
    {
      "type": "Feature",
      "properties": {
        "@id": "node/7118197488",
        "name": "Manyoni village 7",
        "place": "village"
      },
      "geometry": {
        "type": "Point",
        "coordinates": [
          30.4097964,
          -18.802799
        ]
      },
      "id": "node/7118197488"
    },
    {
      "type": "Feature",
      "properties": {
        "@id": "node/7118198388",
        "name": "PaKeny",
        "place": "hamlet"
      },
      "geometry": {
        "type": "Point",
        "coordinates": [
          29.7408925,
          -18.2884977
        ]
      },
      "id": "node/7118198388"
    },
    {
      "type": "Feature",
      "properties": {
        "@id": "node/7193770048",
        "name": "Kutama",
        "place": "village"
      },
      "geometry": {
        "type": "Point",
        "coordinates": [
          30.3878724,
          -17.8011288
        ]
      },
      "id": "node/7193770048"
    },
    {
      "type": "Feature",
      "properties": {
        "@id": "node/7212901068",
        "name": "Martin Spur",
        "place": "hamlet"
      },
      "geometry": {
        "type": "Point",
        "coordinates": [
          29.9975145,
          -18.2618862
        ]
      },
      "id": "node/7212901068"
    },
    {
      "type": "Feature",
      "properties": {
        "@id": "node/7217286199",
        "place": "hamlet"
      },
      "geometry": {
        "type": "Point",
        "coordinates": [
          32.1260244,
          -17.6244673
        ]
      },
      "id": "node/7217286199"
    },
    {
      "type": "Feature",
      "properties": {
        "@id": "node/7266799888",
        "name": "Matizha Business Centre",
        "place": "village"
      },
      "geometry": {
        "type": "Point",
        "coordinates": [
          30.9714568,
          -19.4581885
        ]
      },
      "id": "node/7266799888"
    },
    {
      "type": "Feature",
      "properties": {
        "@id": "node/7310683978",
        "name": "Milverton",
        "place": "village"
      },
      "geometry": {
        "type": "Point",
        "coordinates": [
          29.6990429,
          -18.26961
        ]
      },
      "id": "node/7310683978"
    },
    {
      "type": "Feature",
      "properties": {
        "@id": "node/7310714981",
        "name": "Silver Star village 1",
        "place": "village"
      },
      "geometry": {
        "type": "Point",
        "coordinates": [
          30.374335,
          -18.8251011
        ]
      },
      "id": "node/7310714981"
    },
    {
      "type": "Feature",
      "properties": {
        "@id": "node/7388960529",
        "name": "Zhomba Business Centre",
        "place": "village"
      },
      "geometry": {
        "type": "Point",
        "coordinates": [
          28.3146161,
          -17.5729299
        ]
      },
      "id": "node/7388960529"
    },
    {
      "type": "Feature",
      "properties": {
        "@id": "node/7388960544",
        "name": "Chiutsi Business Centre",
        "place": "village"
      },
      "geometry": {
        "type": "Point",
        "coordinates": [
          28.3489108,
          -17.5492041
        ]
      },
      "id": "node/7388960544"
    },
    {
      "type": "Feature",
      "properties": {
        "@id": "node/7543515834",
        "name": "Sinamatella Camp",
        "place": "village"
      },
      "geometry": {
        "type": "Point",
        "coordinates": [
          26.3156583,
          -18.5858197
        ]
      },
      "id": "node/7543515834"
    },
    {
      "type": "Feature",
      "properties": {
        "@id": "node/7572339369",
        "name": "Gweshe",
        "place": "village"
      },
      "geometry": {
        "type": "Point",
        "coordinates": [
          31.0478997,
          -17.2114102
        ]
      },
      "id": "node/7572339369"
    },
    {
      "type": "Feature",
      "properties": {
        "@id": "node/7643981954",
        "name": "Pa Cross",
        "place": "village"
      },
      "geometry": {
        "type": "Point",
        "coordinates": [
          31.5627176,
          -17.6710015
        ]
      },
      "id": "node/7643981954"
    },
    {
      "type": "Feature",
      "properties": {
        "@id": "node/7680713339",
        "name": "James village 1",
        "place": "village"
      },
      "geometry": {
        "type": "Point",
        "coordinates": [
          29.805615,
          -18.2109748
        ]
      },
      "id": "node/7680713339"
    },
    {
      "type": "Feature",
      "properties": {
        "@id": "node/7680755640",
        "name": "James village 2",
        "place": "village"
      },
      "geometry": {
        "type": "Point",
        "coordinates": [
          29.8167754,
          -18.2063842
        ]
      },
      "id": "node/7680755640"
    },
    {
      "type": "Feature",
      "properties": {
        "@id": "node/7714327279",
        "amenity": "refugee_site",
        "name": "Tongogara Refugee Camp",
        "place": "village",
        "source": "UNHCR"
      },
      "geometry": {
        "type": "Point",
        "coordinates": [
          32.3076631,
          -20.3465343
        ]
      },
      "id": "node/7714327279"
    },
    {
      "type": "Feature",
      "properties": {
        "@id": "node/7730489370",
        "name": "Chirundu",
        "place": "village",
        "population": "1000"
      },
      "geometry": {
        "type": "Point",
        "coordinates": [
          28.8629758,
          -16.0481341
        ]
      },
      "id": "node/7730489370"
    },
    {
      "type": "Feature",
      "properties": {
        "@id": "node/7774116684",
        "name": "Manyoni village 3",
        "place": "village"
      },
      "geometry": {
        "type": "Point",
        "coordinates": [
          30.4377582,
          -18.7681369
        ]
      },
      "id": "node/7774116684"
    },
    {
      "type": "Feature",
      "properties": {
        "@id": "node/7774178976",
        "name": "Manyoni village 8",
        "place": "village"
      },
      "geometry": {
        "type": "Point",
        "coordinates": [
          30.4507537,
          -18.7971332
        ]
      },
      "id": "node/7774178976"
    },
    {
      "type": "Feature",
      "properties": {
        "@id": "node/7774201429",
        "name": "Silver Star village 2",
        "place": "village"
      },
      "geometry": {
        "type": "Point",
        "coordinates": [
          30.3776659,
          -18.8024772
        ]
      },
      "id": "node/7774201429"
    },
    {
      "type": "Feature",
      "properties": {
        "@id": "node/7937342722",
        "name": "Svisvi Business Centre",
        "place": "village"
      },
      "geometry": {
        "type": "Point",
        "coordinates": [
          28.7778336,
          -18.0611495
        ]
      },
      "id": "node/7937342722"
    },
    {
      "type": "Feature",
      "properties": {
        "@id": "node/7937484259",
        "name": "Lusumbuko Busines Centre",
        "place": "hamlet"
      },
      "geometry": {
        "type": "Point",
        "coordinates": [
          28.2707727,
          -17.4110534
        ]
      },
      "id": "node/7937484259"
    },
    {
      "type": "Feature",
      "properties": {
        "@id": "node/7973033448",
        "name": "Mamina",
        "place": "village"
      },
      "geometry": {
        "type": "Point",
        "coordinates": [
          30.6170469,
          -18.6521436
        ]
      },
      "id": "node/7973033448"
    },
    {
      "type": "Feature",
      "properties": {
        "@id": "node/8004674346",
        "name": "Mutorashanga",
        "place": "village"
      },
      "geometry": {
        "type": "Point",
        "coordinates": [
          30.679729,
          -17.1405238
        ]
      },
      "id": "node/8004674346"
    },
    {
      "type": "Feature",
      "properties": {
        "@id": "node/8242560044",
        "place": "village"
      },
      "geometry": {
        "type": "Point",
        "coordinates": [
          27.5394845,
          -20.3507984
        ]
      },
      "id": "node/8242560044"
    },
    {
      "type": "Feature",
      "properties": {
        "@id": "node/8361624154",
        "name": "Kuma G",
        "place": "village"
      },
      "geometry": {
        "type": "Point",
        "coordinates": [
          30.6829905,
          -17.2746063
        ]
      },
      "id": "node/8361624154"
    },
    {
      "type": "Feature",
      "properties": {
        "@id": "node/8435168317",
        "name": "Zvipani Business Center",
        "place": "village"
      },
      "geometry": {
        "type": "Point",
        "coordinates": [
          29.2100781,
          -16.9854744
        ]
      },
      "id": "node/8435168317"
    },
    {
      "type": "Feature",
      "properties": {
        "@id": "node/8533452591",
        "name": "Musingira",
        "place": "village"
      },
      "geometry": {
        "type": "Point",
        "coordinates": [
          29.8492312,
          -18.2220854
        ]
      },
      "id": "node/8533452591"
    },
    {
      "type": "Feature",
      "properties": {
        "@id": "node/8533452594",
        "name": "James Village 3",
        "place": "village"
      },
      "geometry": {
        "type": "Point",
        "coordinates": [
          29.8344791,
          -18.2116752
        ]
      },
      "id": "node/8533452594"
    },
    {
      "type": "Feature",
      "properties": {
        "@id": "node/8533479930",
        "name": "Turf Village 3",
        "place": "village"
      },
      "geometry": {
        "type": "Point",
        "coordinates": [
          30.2693671,
          -18.7087373
        ]
      },
      "id": "node/8533479930"
    },
    {
      "type": "Feature",
      "properties": {
        "@id": "node/8548243917",
        "name": "Kanyemba Village 5",
        "note": "Chief Chundu",
        "place": "village"
      },
      "geometry": {
        "type": "Point",
        "coordinates": [
          29.7057819,
          -16.4021611
        ]
      },
      "id": "node/8548243917"
    },
    {
      "type": "Feature",
      "properties": {
        "@id": "node/8676057020",
        "name": "Mahusekwa",
        "place": "village"
      },
      "geometry": {
        "type": "Point",
        "coordinates": [
          31.1935168,
          -18.3058387
        ]
      },
      "id": "node/8676057020"
    },
    {
      "type": "Feature",
      "properties": {
        "@id": "node/8676222047",
        "name": "Dema",
        "place": "town"
      },
      "geometry": {
        "type": "Point",
        "coordinates": [
          31.2138426,
          -18.0767041
        ]
      },
      "id": "node/8676222047"
    },
    {
      "type": "Feature",
      "properties": {
        "@id": "node/8746410618",
        "name": "Selemwe Village-Nyaminyami",
        "place": "village"
      },
      "geometry": {
        "type": "Point",
        "coordinates": [
          28.2537526,
          -17.1761522
        ]
      },
      "id": "node/8746410618"
    },
    {
      "type": "Feature",
      "properties": {
        "@id": "node/8760390718",
        "name": "Chadereka Business Center- Muzarabani",
        "place": "village"
      },
      "geometry": {
        "type": "Point",
        "coordinates": [
          31.2029972,
          -16.167295
        ]
      },
      "id": "node/8760390718"
    },
    {
      "type": "Feature",
      "properties": {
        "@id": "node/8760441517",
        "name": "Hoya Business Center- Muzarabani",
        "place": "village"
      },
      "geometry": {
        "type": "Point",
        "coordinates": [
          31.2987201,
          -16.3462957
        ]
      },
      "id": "node/8760441517"
    },
    {
      "type": "Feature",
      "properties": {
        "@id": "node/8760841130",
        "name": "Kabidza Growth Point",
        "place": "village"
      },
      "geometry": {
        "type": "Point",
        "coordinates": [
          29.6613774,
          -16.3374472
        ]
      },
      "id": "node/8760841130"
    },
    {
      "type": "Feature",
      "properties": {
        "@id": "node/8890527273",
        "name": "Mhokonye",
        "place": "village"
      },
      "geometry": {
        "type": "Point",
        "coordinates": [
          30.0200665,
          -20.9263446
        ]
      },
      "id": "node/8890527273"
    },
    {
      "type": "Feature",
      "properties": {
        "@id": "node/9383313569",
        "name": "Melfort",
        "place": "town"
      },
      "geometry": {
        "type": "Point",
        "coordinates": [
          31.3256693,
          -18.0070598
        ]
      },
      "id": "node/9383313569"
    },
    {
      "type": "Feature",
      "properties": {
        "@id": "node/9629571707",
        "name": "Tsanzaguru",
        "place": "town"
      },
      "geometry": {
        "type": "Point",
        "coordinates": [
          32.0933685,
          -18.6132543
        ]
      },
      "id": "node/9629571707"
    },
    {
      "type": "Feature",
      "properties": {
        "@id": "node/10255870097",
        "name": "Ngamo",
        "place": "village"
      },
      "geometry": {
        "type": "Point",
        "coordinates": [
          27.4817419,
          -19.130902
        ]
      },
      "id": "node/10255870097"
    },
    {
      "type": "Feature",
      "properties": {
        "@id": "node/10940531995",
        "name": "Nemanwa Growth Point",
        "place": "village"
      },
      "geometry": {
        "type": "Point",
        "coordinates": [
          30.9101951,
          -20.2769616
        ]
      },
      "id": "node/10940531995"
    },
    {
      "type": "Feature",
      "properties": {
        "@id": "node/11143751823",
        "name": "Tsungwezi",
        "place": "village"
      },
      "geometry": {
        "type": "Point",
        "coordinates": [
          32.1857971,
          -18.8407376
        ]
      },
      "id": "node/11143751823"
    },
    {
      "type": "Feature",
      "properties": {
        "@id": "node/11144534807",
        "name": "Chambara",
        "place": "village"
      },
      "geometry": {
        "type": "Point",
        "coordinates": [
          30.9927642,
          -18.854422
        ]
      },
      "id": "node/11144534807"
    },
    {
      "type": "Feature",
      "properties": {
        "@id": "node/11153023741",
        "name": "Mpinga",
        "place": "village"
      },
      "geometry": {
        "type": "Point",
        "coordinates": [
          30.5689775,
          -17.5097687
        ]
      },
      "id": "node/11153023741"
    },
    {
      "type": "Feature",
      "properties": {
        "@id": "node/11160248475",
        "name": "Kildonan",
        "place": "village"
      },
      "geometry": {
        "type": "Point",
        "coordinates": [
          30.6110603,
          -17.3438619
        ]
      },
      "id": "node/11160248475"
    },
    {
      "type": "Feature",
      "properties": {
        "@id": "node/11185797548",
        "name": "Dorset",
        "place": "village"
      },
      "geometry": {
        "type": "Point",
        "coordinates": [
          29.8133718,
          -19.9531494
        ]
      },
      "id": "node/11185797548"
    },
    {
      "type": "Feature",
      "properties": {
        "@id": "node/11207765884",
        "name": "Hwange",
        "name:ml": "ഹ്വാംഗെ",
        "place": "town"
      },
      "geometry": {
        "type": "Point",
        "coordinates": [
          26.5,
          -18.3647222
        ]
      },
      "id": "node/11207765884"
    },
    {
      "type": "Feature",
      "properties": {
        "@id": "node/11300295814",
        "name": "Mwemba",
        "place": "village"
      },
      "geometry": {
        "type": "Point",
        "coordinates": [
          26.5611647,
          -18.1843447
        ]
      },
      "id": "node/11300295814"
    },
    {
      "type": "Feature",
      "properties": {
        "@id": "node/11300296399",
        "name": "Simangani",
        "place": "village"
      },
      "geometry": {
        "type": "Point",
        "coordinates": [
          26.72505,
          -18.10866
        ]
      },
      "id": "node/11300296399"
    },
    {
      "type": "Feature",
      "properties": {
        "@id": "node/11300296400",
        "name": "Nkandebwe",
        "place": "hamlet"
      },
      "geometry": {
        "type": "Point",
        "coordinates": [
          26.80948,
          -18.18364
        ]
      },
      "id": "node/11300296400"
    },
    {
      "type": "Feature",
      "properties": {
        "@id": "node/11300296401",
        "name": "Gwaay",
        "place": "hamlet"
      },
      "geometry": {
        "type": "Point",
        "coordinates": [
          26.8637132,
          -18.1192874
        ]
      },
      "id": "node/11300296401"
    },
    {
      "type": "Feature",
      "properties": {
        "@id": "node/11300296402",
        "name": "Msuna Hills",
        "place": "hamlet"
      },
      "geometry": {
        "type": "Point",
        "coordinates": [
          26.8558,
          -18.0374
        ]
      },
      "id": "node/11300296402"
    },
    {
      "type": "Feature",
      "properties": {
        "@id": "node/11300296403",
        "name": "Msuna",
        "place": "village"
      },
      "geometry": {
        "type": "Point",
        "coordinates": [
          26.809,
          -18.0413
        ]
      },
      "id": "node/11300296403"
    },
    {
      "type": "Feature",
      "properties": {
        "@id": "node/11300296404",
        "name": "Chingonya",
        "place": "hamlet"
      },
      "geometry": {
        "type": "Point",
        "coordinates": [
          26.7971841,
          -18.0902326
        ]
      },
      "id": "node/11300296404"
    },
    {
      "type": "Feature",
      "properties": {
        "@id": "node/11300296405",
        "name": "Kalowa",
        "place": "hamlet"
      },
      "geometry": {
        "type": "Point",
        "coordinates": [
          26.8635,
          -18.0641
        ]
      },
      "id": "node/11300296405"
    },
    {
      "type": "Feature",
      "properties": {
        "@id": "node/11300296406",
        "name": "Chunga",
        "place": "hamlet"
      },
      "geometry": {
        "type": "Point",
        "coordinates": [
          26.7895092,
          -18.1213597
        ]
      },
      "id": "node/11300296406"
    },
    {
      "type": "Feature",
      "properties": {
        "@id": "node/11300296407",
        "name": "Chezya",
        "place": "hamlet"
      },
      "geometry": {
        "type": "Point",
        "coordinates": [
          26.5978017,
          -18.069106
        ]
      },
      "id": "node/11300296407"
    },
    {
      "type": "Feature",
      "properties": {
        "@id": "node/11300296408",
        "name": "Kasase",
        "place": "hamlet"
      },
      "geometry": {
        "type": "Point",
        "coordinates": [
          26.6057203,
          -18.1134318
        ]
      },
      "id": "node/11300296408"
    },
    {
      "type": "Feature",
      "properties": {
        "@id": "node/11300296409",
        "name": "Makwa",
        "place": "hamlet"
      },
      "geometry": {
        "type": "Point",
        "coordinates": [
          26.6669147,
          -18.094954
        ]
      },
      "id": "node/11300296409"
    },
    {
      "type": "Feature",
      "properties": {
        "@id": "node/11330923205",
        "name": "Masuwe",
        "place": "village"
      },
      "geometry": {
        "type": "Point",
        "coordinates": [
          25.754485,
          -18.0856345
        ]
      },
      "id": "node/11330923205"
    },
    {
      "type": "Feature",
      "properties": {
        "@id": "node/11397522493",
        "name": "Zvabagwamba",
        "place": "village"
      },
      "geometry": {
        "type": "Point",
        "coordinates": [
          29.2014794,
          -21.4008282
        ]
      },
      "id": "node/11397522493"
    },
    {
      "type": "Feature",
      "properties": {
        "@id": "node/11397529378",
        "name": "Mapula",
        "place": "village"
      },
      "geometry": {
        "type": "Point",
        "coordinates": [
          29.2335944,
          -21.4097856
        ]
      },
      "id": "node/11397529378"
    },
    {
      "type": "Feature",
      "properties": {
        "@id": "node/11397534826",
        "name": "Dotibani",
        "place": "village"
      },
      "geometry": {
        "type": "Point",
        "coordinates": [
          29.4078084,
          -21.4709636
        ]
      },
      "id": "node/11397534826"
    },
    {
      "type": "Feature",
      "properties": {
        "@id": "node/11455068382",
        "description": "Village Head, Takesure Mukucha homestead, Mathanzima Village, Chief Samambwa, Kwekwe",
        "name": "Mathanzima Village",
        "phone": "+263 77 324 5246",
        "place": "village"
      },
      "geometry": {
        "type": "Point",
        "coordinates": [
          29.4878834,
          -18.4462371
        ]
      },
      "id": "node/11455068382"
    },
    {
      "type": "Feature",
      "properties": {
        "@id": "node/12278068717",
        "place": "village"
      },
      "geometry": {
        "type": "Point",
        "coordinates": [
          28.4861708,
          -20.9405763
        ]
      },
      "id": "node/12278068717"
    },
    {
      "type": "Feature",
      "properties": {
        "@id": "node/12391707309",
        "name": "Lutumba",
        "place": "village"
      },
      "geometry": {
        "type": "Point",
        "coordinates": [
          30.1192897,
          -22.0857041
        ]
      },
      "id": "node/12391707309"
    },
    {
      "type": "Feature",
      "properties": {
        "@id": "node/12391707310",
        "name": "Chamumnanga",
        "place": "village"
      },
      "geometry": {
        "type": "Point",
        "coordinates": [
          30.0626244,
          -22.1115582
        ]
      },
      "id": "node/12391707310"
    },
    {
      "type": "Feature",
      "properties": {
        "@id": "node/12391707311",
        "name": "Matshiloni",
        "place": "hamlet"
      },
      "geometry": {
        "type": "Point",
        "coordinates": [
          30.2874049,
          -21.9123644
        ]
      },
      "id": "node/12391707311"
    },
    {
      "type": "Feature",
      "properties": {
        "@id": "node/12875268525",
        "name": "Mushipe",
        "place": "village"
      },
      "geometry": {
        "type": "Point",
        "coordinates": [
          31.6893017,
          -19.0111742
        ]
      },
      "id": "node/12875268525"
    },
    {
      "type": "Feature",
      "properties": {
        "@id": "node/13374896786",
        "name": "Mutiusinazita",
        "place": "village"
      },
      "geometry": {
        "type": "Point",
        "coordinates": [
          32.0661601,
          -19.7240016
        ]
      },
      "id": "node/13374896786"
    },
    {
      "type": "Feature",
      "properties": {
        "@id": "node/13503868538",
        "name": "Emakharadini eRanking",
        "place": "village"
      },
      "geometry": {
        "type": "Point",
        "coordinates": [
          29.0117314,
          -20.9418663
        ]
      },
      "id": "node/13503868538"
    },
    {
      "type": "Feature",
      "properties": {
        "@id": "node/13503930803",
        "name": "Ultra Area",
        "place": "village"
      },
      "geometry": {
        "type": "Point",
        "coordinates": [
          29.0290743,
          -20.9479509
        ]
      },
      "id": "node/13503930803"
    },
    {
      "type": "Feature",
      "properties": {
        "@id": "node/13504548359",
        "name": "Lollies",
        "place": "village"
      },
      "geometry": {
        "type": "Point",
        "coordinates": [
          29.0194879,
          -20.9437631
        ]
      },
      "id": "node/13504548359"
    },
    {
      "type": "Feature",
      "properties": {
        "@id": "node/13504605311",
        "name": "Emadramini",
        "place": "village"
      },
      "geometry": {
        "type": "Point",
        "coordinates": [
          29.0223418,
          -20.9412481
        ]
      },
      "id": "node/13504605311"
    },
    {
      "type": "Feature",
      "properties": {
        "@id": "node/13516230386",
        "name": "Prison Camp",
        "place": "village"
      },
      "geometry": {
        "type": "Point",
        "coordinates": [
          28.9962916,
          -20.9354581
        ]
      },
      "id": "node/13516230386"
    },
    {
      "type": "Feature",
      "properties": {
        "@id": "node/13516257309",
        "name": "Monef",
        "place": "village"
      },
      "geometry": {
        "type": "Point",
        "coordinates": [
          29.0253194,
          -20.9250675
        ]
      },
      "id": "node/13516257309"
    },
    {
      "type": "Feature",
      "properties": {
        "@id": "node/13572569266",
        "place": "village"
      },
      "geometry": {
        "type": "Point",
        "coordinates": [
          29.3456787,
          -20.589317
        ]
      },
      "id": "node/13572569266"
    },
    {
      "type": "Feature",
      "properties": {
        "@id": "node/13572601607",
        "place": "village"
      },
      "geometry": {
        "type": "Point",
        "coordinates": [
          29.3587732,
          -20.5922547
        ]
      },
      "id": "node/13572601607"
    },
    {
      "type": "Feature",
      "properties": {
        "@id": "node/13833169862",
        "name": "Gandiwa Village",
        "place": "village"
      },
      "geometry": {
        "type": "Point",
        "coordinates": [
          30.3577283,
          -20.5075263
        ]
      },
      "id": "node/13833169862"
    },
    {
      "type": "Feature",
      "properties": {
        "@id": "node/13833169863",
        "name": "Matara Village",
        "place": "village"
      },
      "geometry": {
        "type": "Point",
        "coordinates": [
          30.3454453,
          -20.5001704
        ]
      },
      "id": "node/13833169863"
    },
    {
      "type": "Feature",
      "properties": {
        "@id": "node/13833848689",
        "name": "Morgenster",
        "place": "town"
      },
      "geometry": {
        "type": "Point",
        "coordinates": [
          30.9292645,
          -20.310223
        ]
      },
      "id": "node/13833848689"
    }
  ]
}